time,latitude,longitude,depth,mag,country
10/16/1964 7:00:00 AM,41.5,88.5,10,20,China
5/14/1965 2:00:00 AM,41.5,88.5,10,20,China
05/09/1966 08:00:00,41.5,88.5,10,200,China
10/27/1966 1:10:00 AM,41.5,88.5,10,0,China
12/28/1966 4:00:00 AM,41.5,88.5,10,0,China
12/24/1967 4:00:00 AM,41.5,88.5,10,0,China
12/27/1968 7:30:00 AM,41.5,88.5,10,0,China
11/18/1971 6:00:00 AM,41.5,88.5,10,20,China
01/07/1972 07:00:00,41.5,88.5,10,0,China
3/18/1972 6:00:00 AM,41.5,88.5,10,0,China
1/23/1976 6:00:00 AM,41.5,88.5,10,0,China
9/26/1976 6:00:00 AM,41.5,88.5,10,0,China
9/17/1977 7:00:00 AM,41.5,88.5,10,0,China
3/15/1978 5:00:00 AM,41.5,88.5,10,0,China
12/14/1978 12:00:00 AM,41.5,88.5,10,0,China
9/13/1979 12:00:00 AM,41.5,88.5,10,0,China
10/05/1982 00:00:00,41.5,88.5,10,0,China
10/06/1983 10:00:00,41.54,88.72,10,0,China
10/03/1984 06:00:00,41.57,88.73,10,0,China
10/05/1993 01:59:57,41.667,88.695,10,0,China
06/10/1994 06:25:58,41.53,88.71,10,0,China
10/07/1994 03:25:58,41.66,88.75,10,0,China
5/15/1995 4:05:58 AM,41.6,88.82,10,0,China
8/17/1995 12:59:58 AM,41.56,88.8,10,0,China
06/08/1996 02:55:58,41.66,88.69,10,0,China
7/29/1996 1:48:58 AM,41.82,88.42,10,0,China
2/13/1960 7:04:00 AM,27,0,10,0,France
04/01/1960 06:17:00,27,0,10,0,France
12/27/1960 7:30:00 AM,27,0,10,0,France
4/25/1961 6:00:00 AM,27,0,10,0,France
11/07/1961 11:30:00,24.0571,5.0521,10,0,France
05/01/1962 10:00:00,24.063,5.0418,10,20,France
3/18/1963 10:02:00 AM,24.0413,5.0521,10,20,France
3/30/1963 9:59:00 AM,24.0433,5.057,10,20,France
10/20/1963 1:00:00 PM,24.0355,5.0386,10,20,France
2/14/1964 11:00:00 AM,24.0536,5.0523,10,20,France
6/15/1964 1:40:00 PM,24.0666,5.0345,10,20,France
11/28/1964 10:30:00 AM,24.0418,5.0416,10,20,France
2/27/1965 11:30:00 AM,24.0587,5.0311,10,20,France
5/30/1965 11:00:00 AM,24.055,5.0508,10,20,France
10/01/1965 10:00:00,24.0649,5.034,10,20,France
12/01/1965 10:30:00,24.0437,5.0469,10,20,France
2/16/1966 11:00:00 AM,24.0441,5.0412,10,20,France
07/02/1966 15:34:00,-22,-139,10,200,France
7/19/1966 3:05:00 PM,-22,-139,10,200,France
09/11/1966 17:30:00,-22,-139,10,200,France
9/24/1966 5:00:00 PM,-22,-139,10,200,France
10/04/1966 21:00:00,-22,-139,10,1000,France
06/05/1967 19:00:00,-22,-139,10,20,France
6/27/1967 6:30:00 PM,-22,-139,10,200,France
07/02/1967 17:30:00,-22,-139,10,200,France
07/07/1968 22:00:00,-22,-139,10,200,France
7/15/1968 7:00:00 PM,-22,-139,10,1000,France
08/03/1968 21:00:00,-22,-139,10,200,France
8/24/1968 6:30:00 PM,-22.228,-138.644,10,1000,France
09/08/1968 19:00:01,-21.821,-138.975,10,1000,France
5/15/1970 6:00:00 PM,-22,-139,10,20,France
5/22/1970 6:30:00 PM,-22,-139,10,1000,France
5/30/1970 6:00:00 PM,-22.309,-138.606,10,1000,France
6/24/1970 6:30:00 PM,-22,-139,10,20,France
07/03/1970 18:30:00,-21.935,-138.917,10,1000,France
7/27/1970 7:00:00 PM,-22,-139,10,20,France
08/02/1970 19:00:00,-22,-139,10,200,France
08/06/1970 19:00:00,-22,-139,10,1000,France
06/05/1971 19:15:00,-22,-139,10,200,France
06/12/1971 19:14:57,-23.8,-137.2,10,1000,France
07/04/1971 21:30:00,-22,-139,10,20,France
08/08/1971 18:30:00,-22,-139,10,20,France
8/14/1971 7:00:01 PM,-21.823,-138.976,10,1000,France
6/25/1972 7:00:00 PM,-22,-139,10,20,France
6/30/1972 6:30:00 PM,-22,-139,10,20,France
7/27/1972 6:40:00 PM,-22,-139,10,20,France
7/21/1973 6:00:00 PM,-22,-139,10,20,France
7/28/1973 11:00:00 PM,-22,-139,10,20,France
8/18/1973 6:15:00 PM,-22,-139,10,20,France
8/24/1973 6:00:00 PM,-22,-139,10,20,France
8/28/1973 6:30:00 PM,-22,-139,10,20,France
6/16/1974 5:30:00 PM,-22,-139,10,20,France
07/07/1974 23:15:00,-22,-139,10,1000,France
7/17/1974 5:00:00 PM,-22,-139,10,20,France
7/25/1974 5:30:00 PM,-22,-139,10,20,France
8/15/1974 12:30:00 AM,-22,-139,10,200,France
8/24/1974 11:45:00 PM,-22,-139,10,20,France
9/14/1974 11:30:00 PM,-22,-139,10,1000,France
06/05/1975 18:15:00,-22,-139,10,5,France
11/26/1975 12:48:00 AM,-22,-139,10,20,France
04/03/1976 17:07:00,-22,-139,10,5,France
07/11/1976 00:30:01,-21.863,-138.786,10,20,France
10/30/1976 10:59:59 PM,-22,-139,10,5,France
12/05/1976 23:00:00,-22,-139,10,5,France
2/19/1977 11:30:00 PM,-21.84,-138.848,10,20,France
3/19/1977 11:01:00 PM,-21.887,-138.92,10,150,France
04/02/1977 23:30:00,-22,-139,10,5,France
07/06/1977 23:00:00,-21.783,-138.96,10,20,France
11/12/1977 01:30:00,-22,-139,10,5,France
11/24/1977 5:00:00 PM,-21.884,-138.886,10,150,France
12/17/1977 10:00:00 PM,-22,-139,10,5,France
2/27/1978 11:00:00 PM,-22,-139,10,5,France
3/22/1978 5:30:00 PM,-21.705,-138.934,10,5,France
3/25/1978 5:30:00 PM,-22,-139,10,5,France
07/01/1978 17:00:00,-22,-139,10,5,France
7/19/1978 6:00:00 PM,-22,-139,10,20,France
7/26/1978 11:00:00 PM,-22,-139,10,5,France
11/02/1978 18:00:00,-22,-139,10,5,France
11/30/1978 5:32:00 PM,-21.868,-138.95,10,150,France
12/17/1978 6:04:00 PM,-22,-139,10,5,France
12/19/1978 4:57:01 PM,-21.768,-138.934,10,20,France
03/01/1979 17:24:00,-22,-139,10,20,France
03/09/1979 16:37:00,-22,-139,10,20,France
3/24/1979 4:28:00 PM,-21.806,-138.933,10,20,France
04/04/1979 18:07:00,-21.85,-138.702,10,20,France
6/18/1979 11:27:01 PM,-21.81,-138.809,10,20,France
6/29/1979 6:56:00 PM,-21.818,-138.903,10,150,France
7/25/1979 5:57:00 PM,-21.88,-138.94,10,150,France
7/28/1979 7:56:00 PM,-21.809,-138.812,10,5,France
11/19/1979 5:53:00 PM,-22,-139,10,5,France
11/22/1979 7:14:13 PM,-22,-139,10,5,France
2/23/1980 6:03:00 PM,-22,-139,10,5,France
03/03/1980 17:56:00,-22,-139,10,5,France
3/23/1980 7:37:00 PM,-21.861,-138.939,10,150,France
04/01/1980 19:31:00,-21.845,-138.758,10,20,France
04/04/1980 18:33:00,-21.921,-138.799,10,20,France
6/16/1980 6:27:00 PM,-21.87,-138.899,10,150,France
6/21/1980 5:01:00 PM,-22,-139,10,20,France
07/06/1980 17:27:01,-21.849,-138.848,10,20,France
7/19/1980 11:47:00 PM,-21.861,-138.934,10,150,France
11/25/1980 5:53:00 PM,-22,-139,10,5,France
12/03/1980 17:33:00,-21.875,-138.939,10,150,France
2/27/1981 11:28:00 PM,-22,-139,10,5,France
03/06/1981 17:27:00,-22,-139,10,5,France
3/28/1981 5:23:01 PM,-21.79,-138.678,10,20,France
04/10/1981 17:57:01,-21.795,-138.946,10,20,France
07/08/1981 22:23:00,-21.791,-139.046,10,20,France
07/11/1981 17:17:00,-22,-139,10,5,France
7/18/1981 5:43:00 PM,-22,-139,10,5,France
08/03/1981 18:33:00,-21.824,-138.903,10,150,France
11/06/1981 17:03:00,-22,-139,10,5,France
11/11/1981 17:07:00,-21.856,-138.954,10,20,France
12/05/1981 16:58:01,-21.685,-138.933,10,20,France
12/08/1981 16:47:00,-21.797,-138.927,10,20,France
2/20/1982 5:33:00 PM,-22,-139,10,5,France
2/24/1982 6:15:00 PM,-22,-139,10,5,France
3/20/1982 5:03:00 PM,-21.846,-138.868,10,20,France
3/23/1982 5:07:00 PM,-22,-139,10,5,France
6/27/1982 5:00:00 PM,-22,-139,10,5,France
07/01/1982 17:02:00,-21.769,-138.946,10,150,France
7/21/1982 5:13:00 PM,-22,-139,10,5,France
7/25/1982 6:02:00 PM,-21.836,-138.896,10,150,France
11/27/1982 5:02:00 PM,-22,-139,10,5,France
4/19/1983 6:53:00 PM,-21.819,-138.872,10,150,France
4/25/1983 5:32:59 PM,-22,-139,10,5,France
5/25/1983 5:31:00 PM,-21.861,-138.917,10,150,France
6/18/1983 5:31:00 PM,-22,-139,10,5,France
6/28/1983 5:46:00 PM,-21.767,-138.871,10,20,France
7/20/1983 8:30:00 PM,-22,-139,10,20,France
08/04/1983 17:14:00,-21.835,-138.829,10,150,France
12/03/1983 16:58:00,-22,-139,10,5,France
12/07/1983 17:28:00,-21.829,-138.928,10,20,France
05/08/1984 17:26:00,-22,-139,10,5,France
05/12/1984 17:31:00,-21.863,-138.901,10,150,France
06/12/1984 17:16:00,-22,-139,10,20,France
6/16/1984 5:44:00 PM,-21.849,-138.88,10,150,France
10/27/1984 5:16:00 PM,-22.064,-138.477,10,20,France
11/02/1984 20:45:00,-21.857,-138.92,10,150,France
12/01/1984 16:51:00,-22,-139,10,5,France
12/06/1984 17:29:00,-21.837,-138.89,10,150,France
4/30/1985 5:29:01 PM,-21.829,-138.952,10,20,France
05/08/1985 20:28:00,-21.831,-138.981,10,150,France
06/03/1985 17:30:01,-21.816,-138.897,10,20,France
06/07/1985 17:40:00,-22,-139,10,20,France
10/24/1985 5:50:00 PM,-22,-139,10,5,France
10/26/1985 4:35:00 PM,-21.849,-138.815,10,150,France
11/24/1985 4:01:01 PM,-21.802,-138.781,10,20,France
11/26/1985 5:42:00 PM,-21.856,-138.899,10,150,France
4/26/1986 5:02:01 PM,-21.725,-138.941,10,20,France
05/06/1986 16:58:00,-22,-139,10,5,France
5/27/1986 5:15:00 PM,-22,-139,10,20,France
5/30/1986 5:25:00 PM,-21.862,-138.949,10,150,France
11/10/1986 16:58:00,-22,-139,10,5,France
11/12/1986 17:02:00,-21.843,-138.927,10,20,France
12/06/1986 17:10:00,-22,-139,10,5,France
12/10/1986 17:15:00,-21.833,-138.892,10,150,France
05/05/1987 16:58:01,-21.705,-138.581,10,20,France
5/20/1987 5:05:00 PM,-21.85,-138.913,10,150,France
06/06/1987 18:00:01,-21.769,-138.874,10,20,France
6/21/1987 5:55:00 PM,-21.865,-138.891,10,150,France
10/23/1987 4:50:00 PM,-21.845,-138.907,10,150,France
11/05/1987 17:30:00,-21.791,-138.874,10,20,France
11/19/1987 4:31:00 PM,-21.845,-138.941,10,150,France
11/29/1987 5:59:00 PM,-22,-139,10,20,France
05/11/1988 17:00:00,-21.833,-138.945,10,150,France
5/25/1988 5:01:00 PM,-21.845,-138.961,10,150,France
6/16/1988 5:15:00 PM,-21.75,-139,10,5,France
6/23/1988 5:31:00 PM,-21.846,-138.911,10,20,France
10/25/1988 5:00:00 PM,-22,-139,10,5,France
11/05/1988 16:30:00,-21.793,-138.987,10,150,France
11/23/1988 5:01:00 PM,-21.835,-138.954,10,150,France
11/30/1988 5:55:00 PM,-22.233,-138.74,10,150,France
05/11/1989 16:45:00,-21.812,-138.884,10,20,France
5/20/1989 5:59:00 PM,-22,-139,10,5,France
06/03/1989 17:30:00,-21.842,-138.922,10,150,France
06/10/1989 17:30:00,-22.217,-138.721,10,150,France
10/24/1989 4:30:00 PM,-21.852,-138.912,10,150,France
10/31/1989 4:57:00 PM,-21.793,-138.855,10,20,France
11/20/1989 5:29:00 PM,-21.793,-138.884,10,20,France
11/27/1989 5:00:00 PM,-22.251,-138.722,10,150,France
06/02/1990 17:29:58,-21.877,-138.918,10,20,France
06/07/1990 17:30:00,-22,-139,10,20,France
6/26/1990 5:59:58 PM,-22.215,-138.841,10,150,France
07/04/1990 17:59:59,-21.85,-139.042,10,20,France
11/14/1990 6:11:58 PM,-22.258,-138.805,10,150,France
11/21/1990 4:59:58 PM,-21.936,-138.967,10,150,France
05/07/1991 17:00:00,-22,-139,10,5,France
5/18/1991 5:14:59 PM,-21.832,-139.014,10,150,France
5/29/1991 6:59:58 PM,-22.256,-138.794,10,150,France
6/14/1991 5:59:58 PM,-21.944,-138.988,10,150,France
07/05/1991 18:00:00,-22,-139,10,5,France
7/15/1991 6:09:58 PM,-21.877,-138.963,10,150,France
09/05/1995 21:29:58,-21.85,-138.84,10,0,France
10/01/1995 23:29:58,-22.25,-138.74,10,0,France
10/27/1995 9:59:58 PM,-21.89,-138.98,10,0,France
11/21/1995 9:29:58 PM,-21.88,-139.03,10,0,France
12/27/1995 9:29:58 PM,-21.88,-138.97,10,0,France
1/27/1996 9:29:58 PM,-22.24,-138.82,10,0,France
05/11/1998 10:13:44,27.078,71.719,10,0,India
5/13/1998 12:00:00 AM,27.078,71.719,10,0.6,India
5/28/1998 10:16:18 AM,28.83,64.95,10,0,Pakistan
5/30/1998 6:54:55 AM,28.49,63.73,10,0,Pakistan
10/03/1952 00:00:00,-20,115,10,25,England
10/14/1953 10:30:00 PM,-28,135,10,10,England
10/26/1953 10:30:00 PM,-28,135,10,8,England
5/16/1956 12:00:00 AM,-20,115,10,15,England
6/19/1956 12:00:00 AM,-20,115,10,60,England
9/27/1956 12:00:00 AM,-30,132,10,15,England
10/04/1956 00:00:00,-30,132,10,1.5,England
10/11/1956 00:00:00,-30,132,10,3,England
10/22/1956 12:00:00 AM,-30,132,10,10,England
5/15/1957 7:37:00 PM,1.67,-157.25,10,0,England
5/31/1957 7:41:00 PM,1.67,-157.25,10,0,England
6/19/1957 7:40:00 PM,1.67,-157.25,10,0,England
9/14/1957 5:30:00 AM,-30,132,10,1,England
9/25/1957 12:30:00 AM,-30,132,10,6,England
10/09/1957 07:30:00,-30,132,10,25,England
11/08/1957 17:47:00,1.67,-157.25,10,1800,England
4/28/1958 7:05:00 PM,1.67,-157.25,10,3000,England
8/22/1958 6:00:00 PM,1.67,-157.25,10,24,England
09/02/1958 17:24:00,1.67,-157.25,10,1000,England
09/11/1958 17:48:00,1.67,-157.25,10,800,England
9/23/1958 5:58:00 PM,1.67,-157.25,10,25,England
9/25/1964 12:00:00 AM,37,-116,10,0,England
4/22/1983 1:53:00 PM,37.1115,-116.0224,10,20,England
05/01/1984 19:05:00,37.1062,-116.0224,10,150,England
12/09/1984 19:40:00,37.2701,-116.4976,10,150,England
12/05/1985 15:00:00,37.0533,-116.0454,10,150,England
6/25/1986 12:00:00 AM,37.2646,-116.4993,10,150,England
7/16/1987 7:00:00 PM,37.1036,-116.0234,10,150,England
12/08/1989 15:00:00,37.2311,-116.4094,10,150,England
11/14/1990 7:17:01 PM,37.2274,-116.3712,10,150,England
11/26/1991 6:35:00 PM,37.0965,-116.0696,10,20,England
9/22/1979 3:00:00 AM,-46.36,37.57,10,0,Unknown
08/05/1945 23:16:02,34.22,132.25,10,15,USA
08/09/1945 01:58:00,32.48,129.53,10,21,USA
7/24/1946 9:35:00 PM,11.5833,165.5,10,21,USA
11/19/1951 5:00:00 PM,37.1317,-116.0386,10,1.2,USA
11/01/1955 00:00:00,37,-116,10,0,USA
11/03/1955 00:00:00,37,-116,10,0,USA
11/05/1955 00:00:00,37,-116,10,0,USA
1/18/1956 12:00:00 AM,37,-116,10,20,USA
5/27/1956 12:00:00 AM,11,162,10,0.19,USA
6/13/1956 12:00:00 AM,11,162,10,1.49,USA
6/21/1956 12:00:00 AM,11,162,10,15.2,USA
07/02/1956 00:00:00,11,162,10,360,USA
4/24/1957 12:00:00 AM,37,-115,10,0,USA
07/01/1957 00:00:00,37,-116,10,0,USA
12/09/1957 00:00:00,37,-116,10,0.5,USA
2/22/1958 12:00:00 AM,37,-116,10,0.001,USA
3/14/1958 12:00:00 AM,37,-116,10,0.001,USA
7/14/1958 12:00:00 AM,11,162,10,0,USA
7/17/1958 12:00:00 AM,11,162,10,255,USA
08/06/1958 00:00:00,11,162,10,0,USA
8/18/1958 12:00:00 AM,11,162,10,0.02,USA
8/27/1958 12:00:00 AM,-38.5,-11.5,10,2,USA
8/30/1958 12:00:00 AM,-49.5,-8.2,10,2,USA
09/06/1958 00:00:00,-48.5,-9.7,10,2,USA
9/23/1958 12:00:00 AM,37,-116,10,20,USA
10/22/1958 12:00:00 AM,37,-116,10,0,USA
10/27/1958 12:00:00 AM,37,-116,10,6.00E-04,USA
10/29/1958 12:00:00 AM,37,-116,10,0,USA
10/30/1958 12:00:00 AM,37,-116,10,0,USA
4/25/1962 12:00:00 AM,2,-157,10,190,USA
4/27/1962 12:00:00 AM,2,-157,10,410,USA
05/02/1962 00:00:00,2,-157,10,1090,USA
05/04/1962 00:00:00,2,-157,10,670,USA
05/06/1962 00:00:00,4.8333,-149.4167,10,0,USA
05/08/1962 00:00:00,2,-157,10,100,USA
05/09/1962 00:00:00,2,-157,10,100,USA
05/11/1962 00:00:00,2,-157,10,50,USA
05/12/1962 00:00:00,2,-157,10,500,USA
5/14/1962 12:00:00 AM,2,-157,10,97,USA
5/19/1962 12:00:00 AM,2,-157,10,73,USA
5/25/1962 12:00:00 AM,2,-157,10,2.6,USA
5/27/1962 12:00:00 AM,2,-157,10,43,USA
06/08/1962 00:00:00,2,-157,10,782,USA
06/09/1962 00:00:00,2,-157,10,210,USA
06/10/1962 00:00:00,2,-157,10,3000,USA
06/12/1962 00:00:00,2,-157,10,1200,USA
6/15/1962 12:00:00 AM,2,-157,10,800,USA
6/17/1962 12:00:00 AM,2,-157,10,52,USA
6/19/1962 12:00:00 AM,2,-157,10,2.2,USA
6/22/1962 12:00:00 AM,2,-157,10,81.5,USA
6/27/1962 12:00:00 AM,2,-157,10,7650,USA
6/30/1962 12:00:00 AM,2,-157,10,1270,USA
07/07/1962 00:00:00,37,-116,10,20,USA
07/09/1962 00:00:00,17,-169,10,1400,USA
07/10/1962 00:00:00,2,-157,10,1000,USA
07/11/1962 00:00:00,2,-157,10,3880,USA
07/11/1962 16:45:00,37.1224,-116.333,10,0.5,USA
7/14/1962 12:00:00 AM,37,-116,10,20,USA
7/17/1962 12:00:00 AM,37,-116,10,20,USA
10/02/1962 00:00:00,17,-169,10,75,USA
10/06/1962 00:00:00,17,-169,10,11.3,USA
10/18/1962 12:00:00 AM,17,-169,10,1590,USA
10/20/1962 12:00:00 AM,17,-169,10,20,USA
10/26/1962 12:00:00 AM,17,-169,10,1000,USA
10/27/1962 12:00:00 AM,17,-169,10,800,USA
10/30/1962 12:00:00 AM,17,-169,10,8300,USA
11/01/1962 00:00:00,17,-169,10,1000,USA
11/04/1962 00:00:00,17,-169,10,20,USA
5/15/1963 12:00:00 AM,37,-115,10,0,USA
5/25/1963 12:00:00 AM,37,-115,10,0,USA
5/31/1963 12:00:00 AM,37,-115,10,0,USA
06/09/1963 00:00:00,37,-115,10,0,USA
9/27/1963 12:00:00 AM,37,-116,10,20,USA
9/27/1963 12:00:00 AM,37,-116,10,20,USA
10/17/1963 12:00:00 AM,37,-116,10,20,USA
12/20/1963 12:00:00 AM,37,-116,10,20,USA
1/30/1964 12:00:00 AM,37,-116,10,20,USA
02/12/1964 00:00:00,37,-116,10,20,USA
2/13/1964 12:00:00 AM,37,-116,10,20,USA
2/18/1964 12:00:00 AM,37,-116,10,20,USA
2/18/1964 12:00:00 AM,37,-116,10,20,USA
03/12/1964 00:00:00,37,-116,10,20,USA
4/17/1964 12:00:00 AM,37,-116,10,20,USA
05/07/1964 00:00:00,37,-116,10,20,USA
06/12/1964 00:00:00,37,-116,10,20,USA
6/18/1964 12:00:00 AM,37,-116,10,20,USA
7/23/1964 12:00:00 AM,37,-116,10,20,USA
7/24/1964 12:00:00 AM,37,-116,10,20,USA
8/27/1964 12:00:00 AM,37,-116,10,20,USA
09/11/1964 00:00:00,37,-116,10,20,USA
10/23/1964 12:00:00 AM,37,-116,10,20,USA
12/16/1964 12:00:00 AM,37,-116,10,40,USA
1/29/1965 12:00:00 AM,37,-116,10,20,USA
2/19/1965 12:00:00 AM,37,-116,10,20,USA
3/20/1965 12:00:00 AM,37,-116,10,20,USA
4/22/1965 12:00:00 AM,37,-116,10,20,USA
06/11/1965 00:00:00,37,-116,10,20,USA
7/16/1965 12:00:00 AM,37,-116,10,20,USA
7/22/1965 12:00:00 AM,37,-116,10,20,USA
8/21/1965 12:00:00 AM,37,-116,10,20,USA
11/23/1965 12:00:00 AM,37,-116,10,20,USA
1/18/1966 12:00:00 AM,37,-116,10,20,USA
1/22/1966 12:00:00 AM,37,-116,10,20,USA
4/23/1966 12:00:00 AM,37,-116,10,1.4,USA
4/29/1966 12:00:00 AM,37,-116,10,20,USA
08/12/1966 00:00:00,37,-116,10,20,USA
10/15/1966 12:00:00 AM,37,-116,10,20,USA
11/22/1966 12:00:00 AM,37,-116,10,20,USA
12/13/1966 12:00:00 AM,37,-116,10,20,USA
1/18/1967 12:00:00 AM,37,-116,10,20,USA
1/26/1967 12:00:00 AM,37,-116,10,20,USA
03/03/1967 00:00:00,37,-116,10,20,USA
03/10/1967 00:00:00,37,-116,10,20,USA
04/04/1967 00:00:00,37,-116,10,20,USA
04/06/1967 00:00:00,37,-116,10,20,USA
5/26/1967 12:00:00 AM,37,-116,10,20,USA
7/14/1967 12:00:00 AM,37,-116,10,20,USA
08/04/1967 00:00:00,37,-116,10,20,USA
8/24/1967 12:00:00 AM,37,-116,10,20,USA
9/15/1967 12:00:00 AM,37,-116,10,20,USA
10/25/1967 12:00:00 AM,37,-116,10,20,USA
10/25/1967 12:00:00 AM,37,-116,10,20,USA
12/06/1967 00:00:00,37,-116,10,20,USA
1/24/1968 12:00:00 AM,37,-116,10,20,USA
1/31/1968 12:00:00 AM,37,-116,10,20,USA
2/21/1968 12:00:00 AM,37,-116,10,20,USA
03/05/1968 00:00:00,37,-116,10,20,USA
03/12/1968 17:04:00,37.0076,-116.3705,10,5.4,USA
04/04/1968 00:00:00,37,-116,10,20,USA
05/03/1968 00:00:00,37,-116,10,20,USA
05/08/1968 00:00:00,37,-116,10,20,USA
5/28/1968 12:00:00 AM,37,-116,10,20,USA
06/05/1968 00:00:00,37,-116,10,20,USA
06/06/1968 21:30:00,37.1654,-116.0434,10,100,USA
6/25/1968 12:00:00 AM,37,-116,10,20,USA
6/25/1968 12:00:00 AM,37,-116,10,20,USA
7/17/1968 12:00:00 AM,37,-116,10,20,USA
08/09/1968 00:00:00,37,-116,10,20,USA
8/15/1968 12:00:00 AM,37,-116,10,20,USA
10/03/1968 00:00:00,37,-116,10,20,USA
10/10/1968 00:00:00,37,-116,10,20,USA
10/29/1968 12:00:00 AM,37,-116,10,20,USA
10/31/1968 12:00:00 AM,37,-116,10,40,USA
10/31/1968 12:00:00 AM,37,-116,10,20,USA
11/04/1968 00:00:00,37,-116,10,40,USA
11/15/1968 12:00:00 AM,37,-116,10,20,USA
12/12/1968 00:00:00,37,-116,10,20,USA
12/12/1968 00:00:00,37,-116,10,20,USA
12/12/1968 15:10:00,37.1189,-116.0783,10,120,USA
1/22/1969 12:00:00 AM,37,-116,10,20,USA
1/30/1969 12:00:00 AM,37,-116,10,20,USA
02/04/1969 00:00:00,37,-116,10,20,USA
02/04/1969 00:00:00,37,-116,10,20,USA
3/18/1969 12:00:00 AM,37,-116,10,20,USA
3/18/1969 12:00:00 AM,37,-116,10,20,USA
4/24/1969 12:00:00 AM,37,-116,10,40,USA
5/15/1969 12:00:00 AM,37,-116,10,20,USA
5/27/1969 12:00:00 AM,37,-116,10,40,USA
6/26/1969 12:00:00 AM,37,-116,10,40,USA
8/14/1969 2:30:00 PM,37.1603,-116.0636,10,40,USA
8/27/1969 12:00:00 AM,37,-116,10,20,USA
9/20/1969 12:00:00 AM,37,-116,10,40,USA
10/01/1969 00:00:00,37,-116,10,60,USA
10/16/1969 12:00:00 AM,37,-116,10,20,USA
11/21/1969 12:00:00 AM,37,-116,10,20,USA
12/10/1969 00:00:00,37,-116,10,40,USA
12/10/1969 00:00:00,37,-116,10,80,USA
02/04/1970 00:00:00,37,-116,10,200,USA
03/06/1970 14:24:01,37.0231,-116.0918,10,8.7,USA
05/01/1970 00:00:00,37,-116,10,20,USA
5/28/1970 12:00:00 AM,37,-116,10,40,USA
5/28/1970 12:00:00 PM,37.13,-116.05,10,20,USA
10/13/1970 12:00:00 AM,37,-116,10,60,USA
10/28/1970 12:00:00 AM,37,-116,10,60,USA
11/19/1970 12:00:00 AM,37,-116,10,20,USA
12/03/1970 00:00:00,37,-116,10,40,USA
12/16/1970 12:00:00 AM,37,-116,10,20,USA
12/16/1970 4:00:00 PM,37.1429,-116.034,10,80,USA
6/23/1971 12:00:00 AM,37,-116,10,20,USA
07/09/1971 00:00:00,37,-116,10,20,USA
7/21/1971 12:00:00 AM,37,-116,10,20,USA
08/04/1971 00:00:00,37,-116,10,20,USA
08/05/1971 00:00:00,37,-116,10,40,USA
08/06/1971 00:00:00,37,-116,10,20,USA
9/22/1971 12:00:00 AM,37,-116,10,80,USA
9/29/1971 12:00:00 AM,37,-116,10,20,USA
10/14/1971 2:30:02 PM,37.03,-115.99,10,20,USA
11/30/1971 3:45:03 PM,37.05,-116.14,10,20,USA
12/14/1971 12:00:00 AM,37,-116,10,20,USA
12/14/1971 12:00:00 AM,37,-116,10,20,USA
01/05/1972 00:00:00,37,-116,10,20,USA
02/03/1972 00:00:00,37,-116,10,20,USA
2/17/1972 12:00:00 AM,37,-116,10,20,USA
3/23/1972 12:00:00 AM,37,-116,10,20,USA
3/30/1972 9:00:04 PM,36.92,-116.05,10,40,USA
4/19/1972 12:00:00 AM,37,-116,10,20,USA
05/11/1972 00:00:00,37,-116,10,20,USA
06/07/1972 00:00:00,37,-116,10,20,USA
6/28/1972 12:00:00 AM,37,-116,10,20,USA
6/28/1972 12:00:00 AM,37,-116,10,20,USA
6/28/1972 4:30:04 PM,37.13,-116.1,10,20,USA
7/25/1972 1:30:03 PM,37,-116.2,10,20,USA
08/09/1972 00:00:00,37,-116,10,60,USA
11/09/1972 00:00:00,37,-116,10,20,USA
11/09/1972 00:00:00,37,-116,10,20,USA
11/17/1972 12:00:00 AM,37,-116,10,40,USA
12/12/1972 00:00:00,37,-116,10,20,USA
12/14/1972 12:00:00 AM,37,-116,10,20,USA
12/21/1972 12:00:00 AM,37,-116,10,220,USA
2/14/1973 12:00:00 AM,37,-116,10,20,USA
3/23/1973 12:00:00 AM,37,-116,10,20,USA
04/05/1973 00:00:00,37,-116,10,20,USA
4/26/1973 12:00:00 AM,37,-116,10,20,USA
05/09/1973 00:00:00,37,-116,10,20,USA
5/24/1973 12:00:00 AM,37,-116,10,20,USA
5/24/1973 1:30:03 PM,37.29,-116.1,10,20,USA
6/21/1973 2:44:59 PM,37.08,-115.99,10,200,USA
6/28/1973 12:00:00 AM,37,-116,10,20,USA
10/02/1973 00:00:00,37,-116,10,20,USA
10/02/1973 15:15:00,37.2,-115.8,10,20,USA
12/12/1973 19:00:03,36.93,-116.03,10,20,USA
12/13/1973 12:00:00 AM,37,-116,10,20,USA
12/19/1973 12:00:00 AM,37,-116,10,20,USA
12/19/1973 12:00:00 AM,37,-116,10,20,USA
01/10/1974 00:00:00,37,-116,10,60,USA
3/14/1974 12:00:00 AM,37,-116,10,20,USA
04/12/1974 00:00:00,37,-116,10,20,USA
4/23/1974 12:00:00 AM,37,-116,10,20,USA
05/01/1974 00:00:00,37,-116,10,20,USA
05/08/1974 00:00:00,37,-116,10,20,USA
5/22/1974 2:15:00 PM,37.06,-116.11,10,20,USA
06/06/1974 14:40:01,36.96,-116.02,10,20,USA
7/18/1974 2:00:01 PM,37.09,-116.05,10,40,USA
9/25/1974 2:00:01 PM,36.97,-116.02,10,20,USA
9/26/1974 12:00:00 AM,37,-116,10,20,USA
10/17/1974 12:00:00 AM,37,-116,10,20,USA
11/02/1974 00:00:00,37,-116,10,20,USA
11/26/1974 12:00:00 AM,37,-116,10,20,USA
12/16/1974 5:30:00 PM,36.88,-115.97,10,20,USA
02/06/1975 00:00:00,37,-116,10,20,USA
02/06/1975 00:00:00,37,-116,10,40,USA
2/19/1975 12:00:00 AM,37,-116,10,20,USA
06/11/1975 00:00:00,37,-116,10,20,USA
6/18/1975 12:00:00 AM,37,-116,10,20,USA
11/18/1975 3:30:00 PM,36.99,-116.04,10,20,USA
2/26/1976 2:50:03 PM,36.9,-115.99,10,20,USA
5/20/1976 5:30:03 PM,37.27,-116.33,10,20,USA
10/06/1976 00:00:00,37,-116,10,20,USA
11/10/1976 00:00:00,37,-116,10,20,USA
12/21/1976 12:00:00 AM,37,-116,10,20,USA
2/16/1977 5:53:00 PM,37,-116.07,10,40,USA
03/08/1977 00:00:00,37,-116,10,40,USA
06/02/1977 00:00:00,37,-116,10,20,USA
7/28/1977 2:07:00 PM,37.11,-116.08,10,20,USA
8/16/1977 2:41:01 PM,37.15,-116.06,10,20,USA
8/16/1977 3:49:00 PM,37.15,-116.06,10,40,USA
8/19/1977 5:32:00 PM,37.01,-115.96,10,20,USA
12/14/1977 3:00:03 PM,36.96,-116.04,10,20,USA
3/16/1978 3:00:00 PM,37.01,-116.1,10,20,USA
3/23/1978 12:00:00 AM,37,-116,10,20,USA
4/25/1978 12:00:00 AM,37,-116,10,20,USA
06/01/1978 17:00:01,37,-116.25,10,20,USA
07/07/1978 13:59:59,37.08,-116.04,10,20,USA
9/27/1978 12:00:00 AM,37,-116,10,40,USA
12/01/1978 17:07:30,37.01,-116.04,10,20,USA
05/11/1979 16:00:00,36.96,-116.01,10,20,USA
9/23/1982 12:00:00 AM,37,-116,10,20,USA
02/11/1983 16:00:00,37.0506,-116.0453,10,20,USA
2/17/1983 5:00:00 PM,37.1628,-116.0633,10,20,USA
3/26/1983 8:20:00 PM,37.3007,-116.46,10,150,USA
4/14/1983 7:05:00 PM,37.0728,-116.046,10,150,USA
05/05/1983 15:20:00,37.0123,-116.0892,10,20,USA
5/26/1983 12:00:00 AM,37,-116,10,20,USA
5/26/1983 3:00:00 PM,37.1029,-116.0057,10,20,USA
06/09/1983 17:10:00,37.1576,-116.0892,10,20,USA
08/03/1983 13:33:00,37.119,-116.0889,10,20,USA
08/11/1983 14:00:00,36.9977,-116.0027,10,20,USA
8/27/1983 2:00:00 PM,37.2,-116.03,10,20,USA
09/01/1983 14:00:00,37.2728,-116.355,10,143,USA
9/21/1983 3:00:00 PM,37.2097,-116.2093,10,20,USA
9/21/1983 4:25:00 PM,37.113,-116.043,10,40,USA
9/22/1983 3:00:00 PM,37.1056,-116.0494,10,150,USA
9/29/1983 12:00:00 AM,37,-116,10,20,USA
12/09/1983 16:00:00,36.98,-116.02,10,20,USA
12/16/1983 6:30:00 PM,37.1405,-116.0721,10,150,USA
1/31/1984 3:30:00 PM,37.1127,-116.1217,10,150,USA
2/15/1984 5:00:00 PM,37.2214,-116.1811,10,20,USA
03/01/1984 17:45:00,37.0658,-116.0463,10,150,USA
3/31/1984 2:30:00 PM,37.1464,-116.0841,10,20,USA
05/02/1984 13:50:00,37.19,-116.02,10,20,USA
5/16/1984 3:59:59 PM,37.09,-115.97,10,20,USA
5/31/1984 1:04:00 PM,37.1031,-116.048,10,150,USA
6/20/1984 3:15:00 PM,37.0004,-116.0431,10,150,USA
07/12/1984 14:00:00,37.18,-116.01,10,20,USA
7/25/1984 3:30:00 PM,37.2678,-116.4106,10,150,USA
08/02/1984 15:00:00,37.0171,-116.0076,10,20,USA
8/30/1984 12:00:00 AM,37,-116,10,20,USA
8/30/1984 2:45:00 PM,37.0898,-115.998,10,20,USA
9/13/1984 12:00:00 AM,37.0867,-116.0712,10,150,USA
10/02/1984 18:13:59,37.08,-116,10,20,USA
11/10/1984 16:40:00,37.0001,-116.0174,10,20,USA
12/15/1984 12:00:00 AM,37.2811,-116.3054,10,150,USA
12/20/1984 4:20:00 PM,36.97,-116.01,10,20,USA
3/15/1985 4:31:00 PM,37.0581,-116.0453,10,150,USA
3/23/1985 6:30:00 PM,37.18,-116.089,10,150,USA
04/02/1985 20:00:00,37.0948,-116.0323,10,150,USA
04/06/1985 23:15:00,37.2008,-116.2072,10,20,USA
05/02/1985 15:20:00,37.2534,-116.3252,10,150,USA
06/12/1985 15:15:00,37.2479,-116.4891,10,150,USA
06/12/1985 17:30:00,37.0883,-116.0839,10,20,USA
6/26/1985 6:03:00 PM,37.1241,-116.122,10,20,USA
7/25/1985 2:00:00 PM,37.2973,-116.4381,10,150,USA
8/14/1985 12:00:00 AM,37,-116,10,20,USA
8/17/1985 4:25:00 PM,37.0023,-116.043,10,20,USA
9/27/1985 2:15:00 PM,37.0898,-116.0018,10,20,USA
10/09/1985 00:00:00,37,-116,10,20,USA
10/09/1985 23:20:00,37.2097,-116.2101,10,20,USA
10/16/1985 9:35:00 PM,37.1099,-116.1214,10,150,USA
10/30/1985 12:00:00 AM,37,-116,10,20,USA
12/28/1985 7:01:00 PM,37.2378,-116.4727,10,150,USA
3/22/1986 4:15:00 PM,37.083,-116.0661,10,29,USA
04/10/1986 14:08:30,37.2183,-116.1831,10,20,USA
4/20/1986 12:00:00 AM,37,-116,10,20,USA
4/22/1986 2:30:00 PM,37.2641,-116.4402,10,150,USA
5/21/1986 1:59:00 PM,37.125,-116.0604,10,20,USA
06/05/1986 15:04:00,37.0983,-116.0155,10,150,USA
7/17/1986 9:00:00 PM,37.2787,-116.3556,10,119,USA
7/24/1986 3:05:00 PM,37.1427,-116.0711,10,20,USA
09/04/1986 00:00:00,37,-116,10,20,USA
09/11/1986 14:57:00,37.0691,-116.0497,10,20,USA
9/30/1986 10:30:00 PM,37.3001,-116.3074,10,150,USA
10/16/1986 7:25:00 PM,37.2202,-116.4616,10,150,USA
11/14/1986 4:00:00 PM,37.1004,-116.0481,10,150,USA
12/13/1986 5:50:05 PM,37.263,-116.4117,10,150,USA
02/03/1987 15:20:00,37.1811,-116.0484,10,60,USA
02/11/1987 16:45:00,37.0107,-116.0447,10,20,USA
3/18/1987 6:28:00 PM,37.2102,-116.2086,10,20,USA
4/18/1987 1:40:01 PM,37.2479,-116.5091,10,150,USA
4/22/1987 10:00:00 PM,36.9831,-116.0046,10,20,USA
4/30/1987 1:30:00 PM,37.233,-116.4231,10,150,USA
6/18/1987 3:20:00 PM,37.1936,-116.035,10,20,USA
6/20/1987 12:00:00 AM,37.22,-116.1778,10,20,USA
6/30/1987 4:05:00 PM,36.9986,-116.0431,10,20,USA
8/13/1987 2:00:00 PM,37.061,-116.0453,10,150,USA
9/24/1987 3:00:00 PM,37.228,-116.3747,10,150,USA
10/23/1987 4:00:00 PM,37.1419,-116.0787,10,150,USA
12/01/1987 16:30:00,36.9964,-116.0045,10,20,USA
12/02/1987 16:30:00,37.2347,-116.1634,10,20,USA
2/15/1988 6:10:00 PM,37.3144,-116.4715,10,150,USA
04/07/1988 17:15:00,37.0132,-116.0443,10,20,USA
5/13/1988 3:35:00 PM,37.1244,-116.0721,10,150,USA
5/21/1988 10:30:00 PM,37.0325,-115.9873,10,150,USA
06/02/1988 13:00:00,37.2601,-116.4411,10,150,USA
6/22/1988 12:00:00 AM,37,-116,10,150,USA
6/22/1988 2:00:00 PM,37.1662,-116.0722,10,150,USA
07/07/1988 15:05:30,37.2524,-116.3767,10,150,USA
8/17/1988 5:00:00 PM,37.2972,-116.3065,10,150,USA
8/23/1988 6:30:00 PM,36.99,-116.01,10,40,USA
8/30/1988 6:00:00 PM,37.0859,-116.0685,10,150,USA
10/13/1988 2:00:00 PM,37.089,-116.0493,10,150,USA
11/09/1988 00:00:00,37,-116,10,40,USA
12/09/1988 00:00:00,37,-116,10,40,USA
12/10/1988 20:30:00,37.199,-116.2094,10,150,USA
02/10/1989 20:06:00,37.0768,-116.0006,10,150,USA
2/24/1989 4:15:00 PM,37.1285,-116.122,10,40,USA
03/09/1989 14:05:00,37.1428,-116.0669,10,150,USA
5/15/1989 1:10:00 PM,37.1076,-116.1209,10,60,USA
5/26/1989 6:07:00 PM,37.0859,-116.0551,10,20,USA
6/22/1989 9:15:01 PM,37.2829,-116.4123,10,150,USA
6/27/1989 3:30:00 PM,37.2755,-116.3536,10,150,USA
9/14/1989 3:00:00 PM,37.2359,-116.1629,10,20,USA
10/31/1989 3:30:00 PM,37.2631,-116.4907,10,150,USA
11/15/1989 8:20:00 PM,37.1065,-116.0134,10,20,USA
12/20/1989 12:00:00 AM,37,-116,10,40,USA
03/10/1990 16:00:00,37.1125,-116.0552,10,150,USA
04/06/1990 00:00:00,37,-116,10,20,USA
6/13/1990 4:00:00 PM,37.2616,-116.4201,10,150,USA
6/21/1990 6:15:00 PM,36.9928,-116.0045,10,20,USA
7/25/1990 3:00:00 PM,37.2069,-116.2143,10,40,USA
9/20/1990 12:00:00 AM,37,-116,10,40,USA
9/27/1990 12:00:00 AM,37,-116,10,20,USA
10/12/1990 17:30:00,37.2479,-116.4942,10,150,USA
03/08/1991 21:02:45,37.1044,-116.074,10,60,USA
04/04/1991 19:00:00,37.2961,-116.3129,10,150,USA
4/16/1991 3:30:00 PM,37.2454,-116.4416,10,150,USA
8/15/1991 4:00:00 PM,37.0873,-116.0018,10,20,USA
9/14/1991 7:00:00 PM,37.2256,-116.4281,10,150,USA
9/19/1991 4:30:00 PM,37.2357,-116.1664,10,20,USA
10/18/1991 7:12:00 PM,37.0634,-116.0453,10,150,USA
3/26/1992 4:30:00 PM,37.2725,-116.3598,10,150,USA
4/30/1992 12:00:00 AM,37,-116,10,20,USA
6/19/1992 4:45:00 PM,37.0054,-116.0101,10,20,USA
6/23/1992 3:00:00 PM,37.1239,-116.0312,10,60,USA
9/18/1992 5:00:00 PM,37.2069,-116.2099,10,20,USA
9/23/1992 12:00:00 AM,37,-116,10,20,USA
8/29/1949 12:00:00 AM,50,78,10,22,Russia
9/24/1951 12:00:00 AM,50,78,10,38,Russia
10/18/1951 12:00:00 AM,50,78,10,42,Russia
08/12/1953 00:00:00,50,78,10,400,Russia
8/23/1953 12:00:00 AM,50,78,10,28,Russia
09/03/1953 00:00:00,50,78,10,5.8,Russia
09/08/1953 00:00:00,50,78,10,1.6,Russia
09/10/1953 00:00:00,50,78,10,4.9,Russia
9/14/1954 12:00:00 AM,64,55,10,40,Russia
9/29/1954 12:00:00 AM,50,78,10,0.2,Russia
10/01/1954 00:00:00,50,78,10,0.03,Russia
10/03/1954 00:00:00,50,78,10,2,Russia
10/05/1954 00:00:00,50,78,10,4,Russia
10/08/1954 00:00:00,50,78,10,0.8,Russia
10/19/1954 12:00:00 AM,50,78,10,0.001,Russia
10/23/1954 12:00:00 AM,50,78,10,62,Russia
10/26/1954 12:00:00 AM,50,78,10,2.8,Russia
10/30/1954 12:00:00 AM,50,78,10,10,Russia
7/29/1955 12:00:00 AM,50,78,10,1.3,Russia
08/02/1955 00:00:00,50,78,10,12,Russia
08/05/1955 00:00:00,50,78,10,1.2,Russia
11/06/1955 00:00:00,50,78,10,250,Russia
11/22/1955 12:00:00 AM,50,78,10,1600,Russia
02/02/1956 00:00:00,46,62,10,0.3,Russia
3/16/1956 12:00:00 AM,50,78,10,14,Russia
3/25/1956 12:00:00 AM,50,78,10,5.5,Russia
8/24/1956 12:00:00 AM,50,78,10,27,Russia
8/30/1956 12:00:00 AM,50,78,10,900,Russia
09/02/1956 00:00:00,50,78,10,51,Russia
09/10/1956 00:00:00,50,78,10,38,Russia
11/17/1956 12:00:00 AM,50,78,10,900,Russia
12/14/1956 12:00:00 AM,50,78,10,40,Russia
1/19/1957 12:00:00 AM,49,46,10,10,Russia
03/08/1957 00:00:00,50,78,10,19,Russia
04/03/1957 00:00:00,50,78,10,42,Russia
04/06/1957 00:00:00,50,78,10,57,Russia
04/10/1957 00:00:00,50,78,10,680,Russia
04/12/1957 00:00:00,50,78,10,22,Russia
4/16/1957 12:00:00 AM,50,78,10,320,Russia
8/22/1957 12:00:00 AM,50,78,10,520,Russia
8/26/1957 12:00:00 AM,50,78,10,0.1,Russia
09/07/1957 08:00:01,70.69,54.8,10,32,Russia
9/13/1957 12:00:00 AM,50,78,10,5.9,Russia
9/24/1957 12:00:00 AM,73,55,10,1600,Russia
9/26/1957 12:00:00 AM,50,78,10,13,Russia
10/06/1957 00:00:00,73,55,10,2900,Russia
12/28/1957 12:00:00 AM,50,78,10,12,Russia
01/04/1958 00:00:00,50,78,10,1.3,Russia
1/17/1958 12:00:00 AM,50,78,10,0.5,Russia
2/23/1958 12:00:00 AM,73,55,10,860,Russia
2/27/1958 12:00:00 AM,73,55,10,250,Russia
2/27/1958 12:00:00 AM,73,55,10,1500,Russia
3/13/1958 12:00:00 AM,50,78,10,1.2,Russia
3/14/1958 12:00:00 AM,50,78,10,35,Russia
3/14/1958 12:00:00 AM,73,55,10,40,Russia
3/15/1958 12:00:00 AM,50,78,10,14,Russia
3/18/1958 12:00:00 AM,50,78,10,0.16,Russia
3/20/1958 12:00:00 AM,50,78,10,12,Russia
3/21/1958 12:00:00 AM,73,55,10,650,Russia
3/22/1958 12:00:00 AM,50,78,10,18,Russia
9/30/1958 12:00:00 AM,73,55,10,900,Russia
9/30/1958 12:00:00 AM,73,55,10,1200,Russia
10/02/1958 00:00:00,73,55,10,40,Russia
10/02/1958 00:00:00,73,55,10,290,Russia
10/04/1958 00:00:00,73,55,10,9,Russia
10/05/1958 00:00:00,73,55,10,15,Russia
10/06/1958 00:00:00,73,55,10,5.5,Russia
10/10/1958 00:00:00,73,55,10,68,Russia
10/12/1958 00:00:00,73,55,10,1450,Russia
10/15/1958 12:00:00 AM,73,55,10,1500,Russia
10/18/1958 12:00:00 AM,73,55,10,2900,Russia
10/19/1958 12:00:00 AM,73,55,10,0.001,Russia
10/19/1958 12:00:00 AM,73,55,10,40,Russia
10/20/1958 12:00:00 AM,73,55,10,440,Russia
10/21/1958 12:00:00 AM,73,55,10,2,Russia
10/22/1958 12:00:00 AM,73,55,10,2800,Russia
10/24/1958 12:00:00 AM,73,55,10,1000,Russia
10/25/1958 12:00:00 AM,73,55,10,0.1,Russia
10/25/1958 12:00:00 AM,73,55,10,190,Russia
11/01/1958 00:00:00,49,46,10,10,Russia
11/03/1958 00:00:00,49,46,10,10,Russia
09/01/1961 00:00:00,50,78,10,16,Russia
09/04/1961 00:00:00,50,78,10,9,Russia
09/05/1961 00:00:00,50,78,10,16,Russia
09/06/1961 00:00:00,50,78,10,1.1,Russia
09/06/1961 00:00:00,49,46,10,11,Russia
09/09/1961 00:00:00,50,78,10,0.38,Russia
09/10/1961 00:00:00,73,55,10,12,Russia
09/10/1961 00:00:00,50,78,10,0.88,Russia
09/10/1961 09:00:09,74.2,52.5,10,2700,Russia
09/11/1961 00:00:00,50,78,10,0.3,Russia
09/12/1961 10:08:15,74.2,52.1,10,1150,Russia
9/13/1961 12:00:00 AM,50,78,10,20,Russia
9/13/1961 12:00:00 AM,70.87,53.33,10,6,Russia
9/14/1961 12:00:00 AM,50,78,10,0.4,Russia
9/14/1961 9:56:17 AM,74.6,51.1,10,1200,Russia
9/16/1961 9:08:14 AM,74,51.9,10,830,Russia
9/17/1961 12:00:00 AM,50,78,10,150,Russia
9/18/1961 12:00:00 AM,50,78,10,0.004,Russia
9/18/1961 12:00:00 AM,50,78,10,0.75,Russia
9/18/1961 7:59:37 AM,74,52,10,1000,Russia
9/19/1961 12:00:00 AM,50,78,10,0.03,Russia
9/20/1961 12:00:00 AM,50,78,10,4.8,Russia
9/20/1961 12:00:00 AM,73,55,10,1500,Russia
9/21/1961 12:00:00 AM,50,78,10,0.8,Russia
9/22/1961 12:00:00 AM,73,55,10,260,Russia
9/26/1961 12:00:00 AM,50,78,10,1.2,Russia
10/01/1961 00:00:00,50,78,10,3,Russia
10/02/1961 00:00:00,73,55,10,250,Russia
10/04/1961 00:00:00,50,78,10,13,Russia
10/04/1961 07:30:55,73.7,53.8,10,10000,Russia
10/06/1961 00:00:00,49,46,10,40,Russia
10/06/1961 07:00:12,74.3,51.6,10,4000,Russia
10/08/1961 00:00:00,73,55,10,15,Russia
10/11/1961 07:40:00,49.7727,77.995,10,1,Russia
10/12/1961 00:00:00,50,78,10,15,Russia
10/17/1961 12:00:00 AM,50,78,10,6.6,Russia
10/19/1961 12:00:00 AM,50,78,10,20,Russia
10/20/1961 8:07:02 AM,73.8,53.2,10,1450,Russia
10/23/1961 8:31:22 AM,73.9,53.8,10,4.8,Russia
10/25/1961 12:00:00 AM,73,55,10,300,Russia
10/25/1961 12:00:00 AM,50,78,10,0.5,Russia
10/27/1961 12:00:00 AM,49,46,10,1.2,Russia
10/27/1961 12:00:00 AM,49,46,10,1.2,Russia
10/27/1961 8:30:26 AM,70.7,54.67,10,16,Russia
10/30/1961 12:00:00 AM,50,78,10,0.09,Russia
10/30/1961 8:33:28 AM,73.8,53.5,10,50000,Russia
10/31/1961 12:00:00 AM,73,55,10,1500,Russia
10/31/1961 8:29:17 AM,73.6,56.2,10,5000,Russia
11/01/1961 00:00:00,50,78,10,2.7,Russia
11/02/1961 00:00:00,73,55,10,120,Russia
11/02/1961 00:00:00,73,55,10,280,Russia
11/02/1961 00:00:00,50,78,10,0.6,Russia
11/03/1961 00:00:00,50,78,10,0.001,Russia
11/03/1961 00:00:00,50,78,10,0.9,Russia
11/04/1961 00:00:00,73,55,10,15,Russia
11/04/1961 00:00:00,73,55,10,6,Russia
11/04/1961 00:00:00,50,78,10,0.2,Russia
11/04/1961 07:20:20,73.7,55.7,10,1500,Russia
02/02/1962 08:00:00,49.7775,78.0016,10,20,Russia
08/01/1962 00:00:00,50,78,10,2.4,Russia
08/03/1962 00:00:00,50,78,10,1.6,Russia
08/04/1962 00:00:00,50,78,10,38,Russia
08/05/1962 09:08:46,74.2,52.5,10,21100,Russia
08/07/1962 00:00:00,50,78,10,9.9,Russia
08/10/1962 00:00:00,73,55,10,1500,Russia
8/18/1962 12:00:00 AM,50,78,10,7.4,Russia
8/18/1962 12:00:00 AM,50,78,10,5.8,Russia
8/20/1962 9:02:14 AM,74.3,51.5,10,2800,Russia
8/21/1962 12:00:00 AM,50,78,10,150,Russia
8/22/1962 12:00:00 AM,73,55,10,6,Russia
8/22/1962 12:00:00 AM,50,78,10,3,Russia
8/22/1962 9:00:00 AM,71,53.5,10,1600,Russia
8/23/1962 12:00:00 AM,50,78,10,2.5,Russia
8/25/1962 12:00:00 AM,50,78,10,20,Russia
8/25/1962 12:00:00 AM,73,55,10,10000,Russia
8/27/1962 12:00:00 AM,50,78,10,11,Russia
8/27/1962 9:00:51 AM,74.7,50.3,10,4200,Russia
8/31/1962 12:00:00 AM,50,78,10,2.7,Russia
09/02/1962 00:00:00,73,55,10,80,Russia
09/08/1962 10:17:58,73.7,53.8,10,1900,Russia
9/15/1962 8:02:14 AM,74.4,51.5,10,3100,Russia
9/16/1962 10:59:11 AM,74.2,51.6,10,3250,Russia
9/18/1962 8:29:03 AM,73.2,54.7,10,1350,Russia
9/19/1962 11:00:56 AM,73.8,53.8,10,10000,Russia
9/21/1962 12:00:00 AM,73,55,10,2400,Russia
9/22/1962 12:00:00 AM,50,78,10,0.21,Russia
9/24/1962 12:00:00 AM,50,78,10,1.2,Russia
9/25/1962 12:00:00 AM,50,78,10,7,Russia
9/25/1962 1:02:32 PM,73.7,55,10,19100,Russia
9/27/1962 8:03:16 AM,74.3,52.4,10,10000,Russia
9/28/1962 12:00:00 AM,50,78,10,1.3,Russia
10/07/1962 00:00:00,73,55,10,320,Russia
10/09/1962 00:00:00,50,78,10,8,Russia
10/09/1962 00:00:00,73,55,10,15,Russia
10/10/1962 00:00:00,50,78,10,9.2,Russia
10/13/1962 12:00:00 AM,50,78,10,4.9,Russia
10/14/1962 12:00:00 AM,50,78,10,20,Russia
10/20/1962 12:00:00 AM,50,78,10,6.7,Russia
10/22/1962 12:00:00 AM,49,46,10,300,Russia
10/22/1962 9:06:10 AM,73.4,54.9,10,8200,Russia
10/27/1962 12:00:00 AM,73,55,10,260,Russia
10/28/1962 12:00:00 AM,50,78,10,7.8,Russia
10/28/1962 12:00:00 AM,49,46,10,300,Russia
10/28/1962 12:00:00 AM,50,78,10,7.8,Russia
10/29/1962 12:00:00 AM,73,55,10,360,Russia
10/30/1962 12:00:00 AM,50,78,10,1.2,Russia
10/30/1962 12:00:00 AM,73,55,10,280,Russia
10/31/1962 12:00:00 AM,50,78,10,10,Russia
11/01/1962 00:00:00,73,55,10,240,Russia
11/01/1962 00:00:00,49,46,10,300,Russia
11/01/1962 00:00:00,50,78,10,3,Russia
11/03/1962 00:00:00,50,78,10,4.7,Russia
11/03/1962 00:00:00,73,55,10,390,Russia
11/03/1962 00:00:00,73,55,10,45,Russia
11/04/1962 00:00:00,50,78,10,8.4,Russia
11/05/1962 00:00:00,50,78,10,0.4,Russia
11/11/1962 00:00:00,50,78,10,0.1,Russia
11/13/1962 12:00:00 AM,50,78,10,0.001,Russia
11/14/1962 12:00:00 AM,50,78,10,12,Russia
11/17/1962 12:00:00 AM,50,78,10,18,Russia
11/24/1962 12:00:00 AM,50,78,10,0.001,Russia
11/26/1962 12:00:00 AM,50,78,10,0.031,Russia
12/01/1962 00:00:00,50,78,10,2.4,Russia
12/18/1962 12:00:00 AM,73,55,10,110,Russia
12/18/1962 12:00:00 AM,73,55,10,69,Russia
12/20/1962 12:00:00 AM,73,55,10,8.3,Russia
12/22/1962 12:00:00 AM,73,55,10,6.3,Russia
12/23/1962 12:00:00 AM,73,55,10,8.3,Russia
12/23/1962 12:00:00 AM,73,55,10,2.4,Russia
12/23/1962 12:00:00 AM,50,78,10,0.001,Russia
12/23/1962 12:00:00 AM,73,55,10,430,Russia
12/24/1962 12:00:00 AM,50,78,10,0.007,Russia
12/24/1962 12:00:00 AM,50,78,10,0.028,Russia
12/24/1962 10:44:22 AM,74.2,52.3,10,1100,Russia
12/24/1962 11:11:42 AM,73.6,57.5,10,24200,Russia
12/25/1962 12:00:00 AM,73,55,10,8.5,Russia
12/25/1962 1:35:57 PM,73.4,56.5,10,3100,Russia
3/15/1964 8:00:00 AM,49.816,78.0752,10,150,Russia
5/16/1964 6:01:00 AM,49.8077,78.102,10,150,Russia
06/06/1964 00:00:00,49.7747,77.9881,10,20,Russia
7/19/1964 6:00:01 AM,49.8091,78.0929,10,150,Russia
8/18/1964 6:00:00 AM,49.8206,78.0819,10,20,Russia
9/18/1964 8:00:00 AM,73.667,54.533,10,20,Russia
9/30/1964 12:00:00 AM,50,78,10,20,Russia
10/25/1964 7:59:58 AM,73.387,54.985,10,20,Russia
11/16/1964 6:00:00 AM,49.8087,78.1334,10,150,Russia
1/15/1965 6:00:01 AM,49.935,79.0094,10,140,Russia
02/04/1965 06:00:00,49.7731,77.9914,10,20,Russia
03/03/1965 06:14:59,49.8247,78.0527,10,20,Russia
3/27/1965 6:30:00 AM,49.7747,77.9881,10,20,Russia
05/11/1965 06:40:00,49.7702,77.9943,10,20,Russia
6/17/1965 3:45:00 AM,49.8284,78.0669,10,20,Russia
7/29/1965 3:05:00 AM,49.7797,77.9981,10,20,Russia
9/17/1965 4:00:00 AM,49.8116,78.1467,10,20,Russia
10/08/1965 06:00:00,49.8259,78.1114,10,20,Russia
10/14/1965 4:00:00 AM,49.9906,77.6357,10,1.1,Russia
11/21/1965 4:58:00 AM,49.8192,78.0636,10,29,Russia
12/24/1965 5:00:00 AM,49.8045,78.1067,10,20,Russia
2/13/1966 4:58:00 AM,49.8089,78.121,10,125,Russia
3/20/1966 5:50:00 AM,49.7616,78.0239,10,100,Russia
4/21/1966 3:58:00 AM,49.8097,78.1,10,20,Russia
05/07/1966 03:58:00,49.7429,78.105,10,4,Russia
6/29/1966 6:58:00 AM,49.8344,78.0734,10,150,Russia
7/21/1966 3:58:00 AM,49.7367,78.097,10,150,Russia
08/05/1966 03:58:00,49.7643,78.0424,10,20,Russia
8/19/1966 3:53:00 AM,49.8271,78.1088,10,20,Russia
09/07/1966 03:52:00,49.8288,78.0638,10,20,Russia
10/19/1966 3:58:00 AM,49.7471,78.0205,10,150,Russia
10/27/1966 12:00:00 AM,73,55,10,1500,Russia
10/27/1966 5:57:58 AM,73.387,54.836,10,1500,Russia
10/29/1966 3:58:00 AM,49.7847,77.9994,10,20,Russia
11/19/1966 3:58:00 AM,49.8297,78.0575,10,20,Russia
12/03/1966 05:02:00,49.7469,78.0334,10,40,Russia
12/18/1966 4:58:00 AM,49.9246,77.7472,10,150,Russia
1/30/1967 4:01:59 AM,49.7674,77.9914,10,40,Russia
2/26/1967 3:58:00 AM,49.7457,78.0823,10,150,Russia
3/25/1967 5:58:01 AM,49.7536,78.063,10,40,Russia
4/20/1967 4:08:00 AM,49.7416,78.1054,10,150,Russia
5/28/1967 4:08:00 AM,49.7564,78.0169,10,40,Russia
6/29/1967 2:57:00 AM,49.8167,78.049,10,20,Russia
7/15/1967 3:27:00 AM,49.8359,78.1182,10,20,Russia
08/04/1967 06:58:00,49.7603,78.0555,10,40,Russia
09/02/1967 04:04:00,49.7419,78.0256,10,20,Russia
9/16/1967 4:04:00 AM,49.9372,77.7281,10,20,Russia
9/22/1967 5:03:59 AM,49.9596,77.6911,10,10,Russia
10/17/1967 5:04:00 AM,49.7809,78.0038,10,40,Russia
10/21/1967 4:59:59 AM,73.39,54.81,10,1650,Russia
10/30/1967 6:04:00 AM,49.7944,78.0079,10,20,Russia
11/22/1967 4:04:00 AM,49.9419,77.6868,10,20,Russia
12/08/1967 06:04:00,49.8171,78.1638,10,20,Russia
01/07/1968 03:47:00,49.7544,78.0309,10,20,Russia
4/24/1968 10:36:00 AM,49.8452,78.1032,10,20,Russia
5/23/1968 12:00:00 AM,50,78,10,0.001,Russia
06/11/1968 03:06:00,49.793,78.1451,10,20,Russia
6/19/1968 5:06:00 AM,49.9803,78.9855,10,20,Russia
07/12/1968 12:08:00,49.7547,78.0899,10,40,Russia
8/20/1968 4:06:00 AM,49.8226,78.0745,10,20,Russia
09/05/1968 04:06:00,49.7416,78.0756,10,20,Russia
9/29/1968 3:43:00 AM,49.812,78.1219,10,60,Russia
10/21/1968 3:52:02 AM,49.7279,78.4863,10,0.24,Russia
10/29/1968 3:54:00 AM,49.8333,78.0928,10,20,Russia
11/07/1968 10:02:06,73.387,54.858,10,3000,Russia
11/09/1968 02:54:00,49.8005,78.1391,10,20,Russia
11/12/1968 07:30:00,49.7124,78.4613,10,0.72,Russia
12/18/1968 5:02:00 AM,49.7459,78.092,10,20,Russia
03/07/1969 08:27:00,49.8215,78.0627,10,150,Russia
04/04/1969 04:57:00,49.7533,78.0536,10,20,Russia
4/13/1969 4:04:00 AM,49.7356,78.1047,10,20,Russia
5/16/1969 4:03:00 AM,49.7594,78.0758,10,20,Russia
5/31/1969 5:01:59 AM,49.9503,77.6942,10,20,Russia
07/04/1969 02:47:00,49.746,78.1113,10,40,Russia
7/23/1969 2:47:00 AM,49.8156,78.1296,10,16,Russia
09/11/1969 04:02:00,49.7763,77.9967,10,40,Russia
10/01/1969 04:03:00,49.7825,78.0983,10,40,Russia
10/14/1969 7:00:07 AM,73.39,54.787,10,3150,Russia
10/30/1969 12:00:00 AM,50,78,10,20,Russia
11/27/1969 5:02:00 AM,49.8367,78.0597,10,20,Russia
11/30/1969 3:33:00 AM,49.9243,78.9558,10,125,Russia
12/28/1969 3:47:00 AM,49.9373,77.7142,10,40,Russia
12/29/1969 4:02:00 AM,49.7337,78.1023,10,20,Russia
1/29/1970 7:03:00 AM,49.7956,78.1239,10,60,Russia
2/18/1970 12:00:00 AM,50,78,10,0.001,Russia
3/27/1970 5:03:00 AM,49.7478,77.999,10,20,Russia
5/27/1970 4:03:00 AM,49.7313,78.0986,10,20,Russia
6/28/1970 12:00:00 AM,50,78,10,40,Russia
6/28/1970 1:58:00 AM,49.8015,78.1068,10,150,Russia
7/21/1970 3:03:00 AM,49.9524,77.6729,10,20,Russia
7/24/1970 3:57:00 AM,49.8097,78.1284,10,20,Russia
09/06/1970 00:00:00,50,78,10,20,Russia
09/06/1970 04:03:00,49.7598,78.0054,10,20,Russia
10/14/1970 5:59:58 AM,73.304,55.027,10,4500,Russia
11/04/1970 06:03:00,49.9892,77.7624,10,20,Russia
12/17/1970 7:01:00 AM,49.7456,78.0992,10,150,Russia
1/29/1971 5:03:00 AM,49.8053,78.1686,10,20,Russia
3/22/1971 12:00:00 AM,50,78,10,20,Russia
3/22/1971 4:33:00 AM,49.7985,78.109,10,150,Russia
04/09/1971 02:33:00,49.8322,78.0386,10,0.23,Russia
4/25/1971 3:33:00 AM,49.7685,78.0339,10,90,Russia
5/25/1971 4:03:00 AM,49.8016,78.1388,10,20,Russia
06/06/1971 04:03:00,49.9754,77.6603,10,16,Russia
6/19/1971 4:04:00 AM,49.969,77.6408,10,20,Russia
6/30/1971 3:57:00 AM,49.946,78.9805,10,20,Russia
9/27/1971 5:59:56 AM,73.393,54.92,10,6000,Russia
10/09/1971 06:03:00,49.9779,77.6414,10,12,Russia
10/21/1971 6:03:00 AM,49.9738,77.5973,10,23,Russia
11/29/1971 6:03:00 AM,49.7434,78.0785,10,40,Russia
12/15/1971 7:54:00 AM,49.8264,77.9973,10,20,Russia
12/30/1971 12:00:00 AM,50,78,10,150,Russia
12/30/1971 6:21:00 AM,49.76,78.0371,10,20,Russia
02/10/1972 05:03:00,50.0243,78.8781,10,16,Russia
03/10/1972 04:57:00,49.7453,78.1197,10,40,Russia
3/28/1972 4:22:00 AM,49.7331,78.0757,10,40,Russia
4/20/1972 12:00:00 AM,50,78,10,0.001,Russia
06/07/1972 00:00:00,50,78,10,20,Russia
06/07/1972 01:28:00,49.8268,78.1155,10,20,Russia
07/06/1972 01:03:00,49.7375,78.1101,10,20,Russia
7/27/1972 12:00:00 AM,73,55,10,20,Russia
8/16/1972 3:17:00 AM,49.7655,78.0588,10,8,Russia
8/26/1972 3:47:00 AM,49.982,77.7166,10,20,Russia
8/28/1972 5:59:57 AM,73.388,54.847,10,4650,Russia
09/02/1972 08:57:00,49.9594,77.6409,10,2,Russia
11/02/1972 01:27:00,49.927,78.8173,10,165,Russia
12/10/1972 04:27:00,49.8194,78.0582,10,170,Russia
12/10/1972 04:27:10,50.027,78.9956,10,140,Russia
12/28/1972 4:27:00 AM,49.7392,78.1063,10,20,Russia
2/16/1973 5:03:00 AM,49.816,78.116,10,150,Russia
4/19/1973 4:33:00 AM,49.984,77.614,10,20,Russia
07/10/1973 01:27:00,49.792,78.042,10,40,Russia
7/23/1973 1:23:00 AM,49.966,78.81,10,1500,Russia
09/12/1973 06:59:55,73.314,55.056,10,14500,Russia
9/20/1973 12:00:00 AM,50,78,10,0.001,Russia
9/27/1973 7:00:01 AM,70.731,53.836,10,150,Russia
10/26/1973 4:27:00 AM,49.753,78.122,10,20,Russia
10/27/1973 7:00:01 AM,70.78,54.035,10,10000,Russia
11/04/1973 03:57:00,50.0716,78.9362,10,20,Russia
12/14/1973 7:47:00 AM,50.054,78.987,10,150,Russia
12/31/1973 4:03:00 AM,49.7394,78.0863,10,20,Russia
1/30/1974 4:57:05 AM,49.845,78.051,10,60,Russia
2/28/1974 12:00:00 AM,50,78,10,0.001,Russia
4/16/1974 5:53:00 AM,50.039,78.946,10,20,Russia
5/16/1974 3:03:00 AM,49.745,78.053,10,20,Russia
5/31/1974 3:27:00 AM,49.953,78.846,10,150,Russia
6/25/1974 3:57:00 AM,49.844,78.111,10,20,Russia
07/10/1974 02:57:00,49.772,78.088,10,20,Russia
7/29/1974 3:28:00 AM,49.9375,78.9358,10,20,Russia
8/29/1974 9:59:56 AM,73.397,54.905,10,4670,Russia
9/13/1974 3:03:00 AM,49.775,78.036,10,20,Russia
10/16/1974 6:33:00 AM,49.985,78.896,10,20,Russia
11/02/1974 05:00:00,70.81,53.91,10,10000,Russia
11/28/1974 5:57:00 AM,50,78,10,20,Russia
12/16/1974 6:23:00 AM,49.787,78.092,10,20,Russia
12/16/1974 6:41:00 AM,49.858,78.053,10,3.8,Russia
12/27/1974 5:46:59 AM,49.949,79.011,10,150,Russia
2/20/1975 12:00:00 AM,50,78,10,60,Russia
2/20/1975 5:33:00 AM,49.781,78.019,10,20,Russia
03/11/1975 05:43:00,49.74,78.102,10,20,Russia
4/27/1975 5:37:00 AM,49.955,78.926,10,150,Russia
06/08/1975 03:27:00,49.757,78.008,10,20,Russia
6/30/1975 3:27:00 AM,50.001,78.996,10,20,Russia
7/15/1975 2:57:00 AM,49.7914,78.0944,10,40,Russia
08/07/1975 03:57:00,49.808,78.12,10,40,Russia
8/23/1975 8:59:58 AM,73.334,54.682,10,6340,Russia
10/05/1975 04:27:00,49.7831,78.0867,10,20,Russia
10/18/1975 12:00:00 AM,73,55,10,3000,Russia
10/18/1975 8:59:59 AM,70.816,53.753,10,1500,Russia
10/21/1975 11:59:58 AM,73.307,55.01,10,6150,Russia
10/29/1975 4:47:00 AM,49.955,78.877,10,150,Russia
12/13/1975 4:57:00 AM,49.806,78.121,10,20,Russia
12/25/1975 5:17:00 AM,50.051,78.813,10,150,Russia
1/15/1976 4:47:00 AM,49.817,78.161,10,20,Russia
3/17/1976 2:57:00 AM,49.7556,78.0992,10,20,Russia
04/10/1976 05:03:00,49.755,78.0475,10,20,Russia
4/21/1976 4:58:00 AM,49.773,78.109,10,20,Russia
4/21/1976 5:03:00 AM,49.906,78.827,10,20,Russia
5/19/1976 2:57:00 AM,49.789,78.019,10,20,Russia
06/09/1976 03:03:00,50.002,79.025,10,20,Russia
07/04/1976 02:57:00,49.912,78.908,10,150,Russia
7/23/1976 2:33:00 AM,49.774,78.046,10,20,Russia
08/04/1976 02:57:00,49.87,77.7,10,20,Russia
8/28/1976 2:57:00 AM,49.979,78.928,10,150,Russia
9/29/1976 2:59:58 AM,73.36,54.871,10,300,Russia
10/20/1976 7:59:58 AM,73.398,54.812,10,60,Russia
10/30/1976 4:57:00 AM,49.825,78.022,10,20,Russia
11/23/1976 5:03:00 AM,50.013,78.962,10,150,Russia
12/07/1976 00:00:00,50,78,10,170,Russia
12/07/1976 04:57:00,49.927,78.847,10,20,Russia
12/30/1976 3:57:00 AM,49.795,78.03,10,40,Russia
3/29/1977 12:00:00 AM,50,78,10,40,Russia
3/29/1977 3:57:00 AM,49.781,78.042,10,150,Russia
4/25/1977 4:07:00 AM,49.811,78.107,10,20,Russia
5/29/1977 2:57:00 AM,49.932,78.774,10,150,Russia
6/29/1977 3:07:00 AM,50.033,78.861,10,20,Russia
7/30/1977 1:57:00 AM,49.754,78.057,10,40,Russia
8/17/1977 4:27:00 AM,49.817,78.128,10,20,Russia
09/01/1977 02:59:58,73.339,54.619,10,210,Russia
09/05/1977 03:03:00,50.048,78.923,10,170,Russia
10/09/1977 10:59:58,73.409,54.927,10,20,Russia
10/29/1977 3:07:00 AM,49.827,78.091,10,40,Russia
10/29/1977 3:07:05 AM,50.068,78.977,10,150,Russia
11/12/1977 05:11:00,50.0522,78.8644,10,20,Russia
11/27/1977 3:57:00 AM,49.7544,78.0503,10,20,Russia
11/30/1977 4:07:00 AM,49.966,78.89,10,170,Russia
12/26/1977 12:00:00 AM,50,78,10,60,Russia
12/26/1977 4:03:00 AM,49.843,78.07,10,20,Russia
3/19/1978 3:47:00 AM,49.945,77.704,10,20,Russia
3/26/1978 3:57:00 AM,49.766,78.008,10,40,Russia
4/22/1978 3:07:00 AM,49.756,78.14,10,60,Russia
5/24/1978 12:00:00 AM,50,78,10,0.001,Russia
5/29/1978 4:57:00 AM,49.762,78.092,10,20,Russia
06/02/1978 00:00:00,50,78,10,0.001,Russia
06/11/1978 02:57:00,49.903,78.791,10,150,Russia
07/05/1978 02:47:00,49.896,78.868,10,150,Russia
7/28/1978 2:47:00 AM,49.752,78.1,10,230,Russia
08/10/1978 07:59:58,73.291,54.883,10,250,Russia
8/29/1978 2:37:00 AM,49.807,78.107,10,40,Russia
8/29/1978 2:37:09 AM,50.011,78.976,10,150,Russia
9/15/1978 2:37:00 AM,49.922,78.876,10,150,Russia
9/20/1978 5:03:00 AM,49.848,78.212,10,10,Russia
9/27/1978 2:04:59 AM,73.349,54.676,10,250,Russia
10/15/1978 5:37:00 AM,49.746,78.121,10,20,Russia
10/31/1978 4:17:00 AM,49.803,78.099,10,20,Russia
11/04/1978 05:06:00,50.04,78.941,10,170,Russia
11/29/1978 4:33:00 AM,49.808,77.999,10,170,Russia
11/29/1978 4:33:05 AM,49.959,78.801,10,20,Russia
12/14/1978 4:43:00 AM,49.805,78.103,10,20,Russia
12/20/1978 4:33:00 AM,49.85,78.047,10,40,Russia
02/01/1979 04:13:00,50.101,78.863,10,20,Russia
2/16/1979 4:04:01 AM,49.974,77.668,10,40,Russia
3/23/1979 12:00:00 AM,50,78,10,0.001,Russia
04/10/1979 00:00:00,50,78,10,0.001,Russia
05/06/1979 03:17:00,49.77,78.008,10,40,Russia
5/31/1979 5:55:00 AM,49.83,78.087,10,80,Russia
06/12/1979 00:00:00,50,78,10,0.001,Russia
6/23/1979 2:57:00 AM,49.913,78.857,10,150,Russia
07/07/1979 03:47:00,50.032,78.989,10,170,Russia
7/18/1979 12:00:00 AM,50,78,10,20,Russia
7/18/1979 3:17:05 AM,49.919,77.812,10,20,Russia
08/04/1979 03:57:00,49.9,78.9,10,170,Russia
8/18/1979 2:52:00 AM,49.949,78.937,10,170,Russia
9/24/1979 3:29:59 AM,73.343,54.672,10,190,Russia
9/27/1979 4:13:00 AM,49.757,78.097,10,20,Russia
10/18/1979 4:17:00 AM,49.829,78.104,10,40,Russia
10/18/1979 7:09:59 AM,73.316,54.816,10,340,Russia
10/28/1979 3:17:00 AM,49.982,78.996,10,170,Russia
11/30/1979 4:53:01 AM,49.781,78.104,10,20,Russia
12/02/1979 04:37:00,49.9,78.793,10,170,Russia
12/21/1979 4:42:00 AM,49.795,78.127,10,20,Russia
12/23/1979 4:57:00 AM,49.92,78.753,10,170,Russia
3/14/1980 12:00:00 AM,50,78,10,0.001,Russia
04/04/1980 05:33:00,50,77.823,10,20,Russia
04/10/1980 04:07:00,49.796,78.068,10,40,Russia
4/25/1980 3:57:00 AM,49.981,78.756,10,40,Russia
5/22/1980 3:57:00 AM,49.78,78.037,10,80,Russia
06/12/1980 03:27:00,49.986,78.998,10,150,Russia
6/25/1980 2:27:00 AM,49.8258,78.0994,10,20,Russia
6/29/1980 2:33:00 AM,49.951,78.815,10,190,Russia
7/31/1980 3:33:00 AM,49.803,78.105,10,40,Russia
9/14/1980 2:42:42 AM,49.93,78.801,10,150,Russia
9/25/1980 6:21:13 AM,49.826,78.071,10,20,Russia
10/11/1980 07:09:57,73.336,54.94,10,400,Russia
10/12/1980 03:34:17,49.967,79.026,10,300,Russia
10/23/1980 3:57:11 AM,49.7517,78.1317,10,20,Russia
12/05/1980 00:00:00,50,78,10,20,Russia
12/05/1980 04:17:16,49.7517,78.1317,10,60,Russia
12/14/1980 3:47:09 AM,49.909,78.932,10,320,Russia
12/26/1980 4:07:09 AM,49.863,78.119,10,20,Russia
12/27/1980 4:09:11 AM,50.063,78.982,10,170,Russia
3/25/1981 12:00:00 AM,50,78,10,0.001,Russia
3/29/1981 4:03:53 AM,50.011,78.978,10,60,Russia
4/22/1981 1:17:14 AM,49.891,78.811,10,190,Russia
5/27/1981 3:58:15 AM,49.992,78.979,10,20,Russia
06/04/1981 00:00:00,50,78,10,0.001,Russia
6/30/1981 1:57:15 AM,49.761,78.071,10,40,Russia
7/17/1981 2:37:18 AM,49.8,78.126,10,20,Russia
8/14/1981 2:27:15 AM,49.781,78.077,10,60,Russia
9/13/1981 2:17:21 AM,49.92,78.911,10,150,Russia
10/01/1981 12:14:57,73.304,54.818,10,210,Russia
10/16/1981 12:00:00 AM,50,78,10,0.001,Russia
10/18/1981 3:57:05 AM,49.927,78.854,10,170,Russia
11/20/1981 4:57:05 AM,49.746,78.12,10,40,Russia
11/29/1981 3:35:11 AM,49.898,78.857,10,60,Russia
12/22/1981 4:31:05 AM,49.821,78.107,10,60,Russia
12/27/1981 3:43:17 AM,49.93,78.792,10,150,Russia
2/19/1982 3:56:13 AM,49.806,78.029,10,40,Russia
4/25/1982 3:23:08 AM,49.912,78.906,10,450,Russia
6/25/1982 2:03:07 AM,49.801,78.089,10,40,Russia
07/04/1982 01:17:17,49.958,78.8,10,190,Russia
8/23/1982 2:43:07 AM,49.758,78.044,10,40,Russia
8/31/1982 1:31:03 AM,49.926,78.76,10,40,Russia
9/21/1982 2:57:03 AM,49.785,78.121,10,40,Russia
10/11/1982 07:14:59,73.339,54.608,10,210,Russia
12/05/1982 03:37:15,49.924,78.812,10,170,Russia
12/25/1982 4:23:08 AM,49.799,78.037,10,40,Russia
12/26/1982 3:35:17 AM,50.078,78.986,10,300,Russia
03/11/1983 00:00:00,50,78,10,0.001,Russia
3/30/1983 4:17:10 AM,49.792,78.029,10,20,Russia
04/12/1983 03:41:08,49.815,78.076,10,20,Russia
5/30/1983 3:33:47 AM,49.736,78.12,10,40,Russia
06/12/1983 02:36:46,49.92,78.914,10,170,Russia
6/24/1983 2:56:14 AM,49.757,78.039,10,20,Russia
8/18/1983 4:09:59 PM,73.354,54.974,10,230,Russia
09/11/1983 06:33:13,49.82,78.118,10,20,Russia
9/25/1983 1:09:58 PM,73.328,54.541,10,210,Russia
10/06/1983 01:47:09,49.924,78.761,10,170,Russia
10/26/1983 1:55:07 AM,49.912,78.828,10,150,Russia
11/02/1983 04:18:54,49.7792,78.1247,10,20,Russia
11/20/1983 3:27:07 AM,50.055,78.997,10,40,Russia
11/29/1983 12:00:00 AM,50,78,10,40,Russia
11/29/1983 2:19:09 AM,49.739,78.105,10,20,Russia
12/26/1983 4:29:09 AM,49.804,78.098,10,20,Russia
2/19/1984 3:57:06 AM,49.894,78.745,10,150,Russia
03/07/1984 02:39:09,50.049,78.95,10,150,Russia
3/29/1984 5:19:11 AM,49.922,78.949,10,150,Russia
4/15/1984 3:17:12 AM,49.749,78.101,10,170,Russia
4/25/1984 1:09:06 AM,49.935,78.867,10,170,Russia
5/26/1984 3:13:15 AM,49.973,79,10,170,Russia
7/14/1984 1:09:13 AM,49.901,78.879,10,170,Russia
8/26/1984 3:30:00 AM,73.326,54.763,10,20,Russia
09/09/1984 02:59:09,49.809,78.072,10,80,Russia
10/18/1984 4:57:08 AM,49.775,78.133,10,20,Russia
10/25/1984 6:29:58 AM,73.355,54.99,10,210,Russia
10/27/1984 1:50:13 AM,49.925,78.776,10,150,Russia
11/23/1984 3:55:08 AM,49.83,78.073,10,60,Russia
12/02/1984 03:19:09,49.993,79.009,10,170,Russia
12/16/1984 3:55:05 AM,49.93,78.816,10,170,Russia
12/28/1984 3:50:13 AM,49.875,78.7,10,170,Russia
02/10/1985 03:27:10,49.893,78.783,10,190,Russia
4/25/1985 12:57:09 AM,49.921,78.899,10,300,Russia
6/15/1985 12:57:03 AM,49.903,78.839,10,190,Russia
6/30/1985 2:39:05 AM,49.857,78.659,10,170,Russia
07/11/1985 02:57:02,49.7506,78.0492,10,20,Russia
7/19/1985 4:00:08 AM,49.8011,78.0686,10,20,Russia
7/20/1985 12:53:17 AM,49.943,78.783,10,150,Russia
7/25/1985 3:11:09 AM,49.836,77.998,10,80,Russia
2/26/1987 4:58:24 AM,49.844,78.088,10,20,Russia
03/12/1987 01:57:20,49.929,78.824,10,40,Russia
04/03/1987 00:00:00,50,78,10,60,Russia
04/03/1987 01:17:10,49.91,78.786,10,150,Russia
4/17/1987 1:03:07 AM,49.874,78.663,10,190,Russia
05/06/1987 04:02:08,49.777,77.984,10,20,Russia
06/06/1987 02:37:09,49.837,78.065,10,20,Russia
6/20/1987 12:53:07 AM,49.927,78.74,10,170,Russia
7/17/1987 1:17:09 AM,49.769,78.035,10,150,Russia
08/02/1987 00:58:09,49.877,78.873,10,320,Russia
08/02/1987 02:00:00,73.326,54.602,10,230,Russia
9/18/1987 2:32:10 AM,49.976,78.024,10,40,Russia
10/16/1987 6:06:07 AM,49.802,78.14,10,20,Russia
11/15/1987 3:31:09 AM,49.881,78.753,10,170,Russia
12/13/1987 3:21:07 AM,49.957,78.792,10,170,Russia
12/20/1987 2:55:09 AM,49.774,77.975,10,20,Russia
12/27/1987 3:05:07 AM,49.867,78.718,10,170,Russia
02/06/1988 04:19:09,49.787,77.975,10,20,Russia
2/13/1988 3:05:08 AM,49.932,78.878,10,170,Russia
04/03/1988 01:33:08,49.909,78.918,10,150,Russia
4/22/1988 9:30:09 AM,49.824,78.102,10,20,Russia
05/04/1988 00:57:09,49.931,78.741,10,150,Russia
05/07/1988 22:49:58,73.314,54.553,10,190,Russia
6/14/1988 2:27:09 AM,50.034,78.964,10,20,Russia
9/14/1988 4:00:00 AM,49.8788,78.8225,10,150,Russia
10/18/1988 3:40:09 AM,49.802,78.002,10,20,Russia
11/12/1988 03:30:06,50.048,78.96,10,20,Russia
11/23/1988 3:57:09 AM,49.765,78.029,10,40,Russia
12/04/1988 05:19:53,73.366,55.001,10,210,Russia
12/17/1988 4:18:09 AM,49.879,78.924,10,170,Russia
12/28/1988 5:28:10 AM,49.8011,78.0686,10,40,Russia
1/22/1989 3:57:09 AM,49.934,78.815,10,170,Russia
02/12/1989 04:15:09,49.911,78.704,10,150,Russia
2/17/1989 4:01:09 AM,49.849,78.064,10,20,Russia
07/08/1989 03:47:00,49.869,78.775,10,150,Russia
09/02/1989 04:17:00,50.019,78.998,10,40,Russia
10/04/1989 11:30:00,49.751,78.005,10,20,Russia
10/19/1989 9:50:00 AM,49.927,78.927,10,190,Russia
10/24/1990 2:57:59 PM,73.331,54.757,10,230,Russia
6/17/1967 12:19:08 AM,40.744,89.775,10,3300,China
9/22/1969 4:14:59 PM,41.376,88.318,10,19.2,China
9/29/1969 8:40:12 AM,40.722,89.515,10,3000,China
10/14/1970 7:29:57 AM,40.52,89.779,10,3400,China
6/27/1973 3:59:46 AM,40.7985,89.8091,10,3000,China
6/17/1974 5:59:53 AM,40.518,89.619,10,1000,China
10/27/1975 12:59:58 AM,41.375,88.326,10,2.5,China
10/17/1976 4:59:59 AM,41.708,88.37,10,2.6,China
11/17/1976 6:00:13 AM,40.696,89.627,10,4000,China
10/14/1978 12:59:58 AM,41.523,88.722,10,3.4,China
10/16/1980 4:30:30 AM,40.719,89.651,10,1000,China
05/04/1983 04:59:58,41.679,88.368,10,1,China
12/19/1984 5:59:58 AM,41.737,88.425,10,1.3,China
06/05/1987 04:59:58,41.518,88.713,10,250,China
9/29/1988 6:59:58 AM,41.768,88.38,10,2.5,China
5/26/1990 7:59:58 AM,41.569,88.701,10,11.5,China
8/16/1990 4:59:58 AM,41.514,88.739,10,189,China
5/21/1992 4:59:58 AM,41.513,88.774,10,650,China
9/25/1992 7:59:59 AM,41.716,88.336,10,8,China
2/28/1954 6:45:00 PM,11.6908,165.2736,10,15000,USA
3/26/1954 6:30:00 PM,11.6908,165.273,10,11000,USA
04/06/1954 18:20:00,11.4967,165.3675,10,110,USA
4/25/1954 6:10:01 PM,11.6664,165.3872,10,6900,USA
05/04/1954 18:10:00,11.6656,165.3869,10,13500,USA
5/13/1954 6:20:00 PM,11.6705,162.1964,10,1690,USA
05/04/1956 18:25:30,11.5578,162.355,10,40,USA
5/27/1956 5:56:00 PM,11.4967,165.3692,10,3500,USA
06/06/1956 00:55:30,11.6764,162.2222,10,13.7,USA
06/11/1956 18:26:00,11.6,165.4514,10,365,USA
6/25/1956 6:06:00 PM,11.6028,165.4514,10,1100,USA
07/08/1956 18:06:00,11.6714,162.2003,10,1850,USA
07/10/1956 17:56:00,11.6633,165.3872,10,4500,USA
7/20/1956 5:46:00 PM,11.6739,165.3394,10,5000,USA
7/21/1956 6:16:00 PM,11.6719,162.3692,10,250,USA
08/10/1957 00:59:55,37.1939,-116.0333,10,0,USA
09/06/1957 20:05:01,37,-116,10,0.3,USA
05/05/1958 18:15:00,11.5564,162.3542,10,18,USA
05/11/1958 17:50:00,11.6908,165.2736,10,1360,USA
05/11/1958 18:15:00,11.5411,162.3506,10,81,USA
05/12/1958 18:30:00,11.675,162.2056,10,1370,USA
5/20/1958 6:30:00 PM,11.5439,162.3561,10,5.9,USA
5/21/1958 9:20:00 PM,11.4961,165.3708,10,25.1,USA
5/26/1958 2:00:00 AM,11.6603,162.2253,10,330,USA
5/26/1958 6:00:00 PM,11.5428,162.3539,10,57,USA
5/30/1958 2:15:00 AM,11.6633,162.23,10,11.6,USA
5/31/1958 3:00:00 AM,11.6908,165.2736,10,92,USA
06/02/1958 18:45:00,11.5411,162.3517,10,15,USA
06/10/1958 17:30:00,11.6872,165.415,10,213,USA
6/14/1958 5:30:00 PM,11.6908,165.2733,10,319,USA
6/14/1958 6:30:00 PM,11.6603,162.2253,10,1450,USA
6/18/1958 3:00:00 AM,11.5442,162.3564,10,11,USA
6/27/1958 5:30:00 PM,11.6872,165.415,10,412,USA
6/27/1958 6:30:00 PM,11.6633,162.23,10,880,USA
6/28/1958 7:30:00 PM,11.6078,162.1078,10,8900,USA
6/29/1958 12:00:00 AM,11.4961,162.3708,10,14,USA
07/01/1958 18:30:00,11.5442,162.3564,10,5.2,USA
07/02/1958 17:30:00,11.6908,165.2736,10,220,USA
07/05/1958 18:30:00,11.6633,162.23,10,397,USA
07/12/1958 03:30:00,11.6881,165.2644,10,9300,USA
7/22/1958 4:20:00 AM,11.4961,165.3708,10,65,USA
7/22/1958 8:30:00 PM,11.6633,162.23,10,202,USA
7/26/1958 8:30:00 PM,11.6561,162.2197,10,2000,USA
9/28/1958 12:00:00 AM,37.1931,-116.2006,10,0.013,USA
10/17/1958 11:00:00 PM,37.1225,-116.0347,10,0.024,USA
10/24/1958 4:01:00 PM,37.1233,-116.0378,10,0.0017,USA
10/31/1952 7:14:59 PM,11.2372,162.1964,100,10400,USA
10/26/1958 4:00:00 AM,37.1814,-116.0686,100,7.00E-04,USA
10/29/1958 2:45:00 PM,37.0478,-116.0247,100,0.0078,USA
10/30/1958 8:34:00 PM,37.1772,-116.0692,100,2.00E-04,USA
11/29/1951 8:00:00 PM,37.1697,-116.0425,100,1.2,USA
9/21/1955 12:00:00 AM,70.7,54.56,100,3.5,Russia
10/15/1958 4:00:00 PM,36.8022,-115.9322,200,0.0012,USA
10/18/1958 2:25:00 PM,37.0411,-116.0258,200,0.09,USA
10/20/1958 2:30:00 PM,37.0447,-116.0297,200,0,USA
10/24/1958 3:00:00 PM,37.0431,-116.0269,200,0.021,USA
3/23/1955 8:30:00 PM,37.1683,-116.0439,200,1,USA
7/16/1945 11:29:21 AM,33.6753,-106.4747,300,21,USA
10/22/1951 2:00:00 PM,37.0839,-116.0239,300,0.1,USA
04/11/1953 12:45:00,37.0989,-116.0925,300,0.2,USA
10/10/1958 14:30:00,37.0947,-116.0236,300,0.079,USA
10/14/1958 6:00:00 PM,37.1939,-116.1997,300,0.115,USA
03/05/1962 18:15:00,37.1111,-116.3649,300,0.43,USA
12/18/1964 7:35:00 PM,37.0825,-116.3425,300,0.092,USA
10/10/1957 00:00:00,70.7,54.56,300,10,Russia
06/08/1958 18:15:00,11.3808,162.2192,500,8,USA
1/26/1968 4:00:00 PM,37.2809,-116.5144,500,2.3,USA
10/23/1961 10:30:48 AM,70.7,54.56,500,12500,Russia
4/14/1948 6:16:59 PM,11,162,600,37,USA
4/30/1948 6:08:59 PM,11,162,600,49,USA
5/14/1948 6:04:00 PM,11,162,600,18,USA
05/08/1951 20:30:01,11.6269,162.3147,600,225,USA
5/24/1951 5:16:59 PM,11.673,162.2486,600,45.5,USA
06/11/1956 18:26:00,11.5511,162.3586,600,8,USA
2/24/1962 4:30:00 PM,37.0483,-116.0319,600,20,USA
10/18/1962 3:00:00 PM,37.1285,-116.0402,600,20,USA
12/14/1962 6:00:00 PM,37.1242,-116.04,600,20,USA
02/08/1963 16:00:01,37.126,-116.0387,600,20,USA
2/15/1963 5:00:00 PM,37.049,-116.0318,600,20,USA
4/24/1963 4:09:30 PM,37.1205,-116.0362,600,20,USA
03/06/1962 16:30:00,37.0484,-116.0337,700,20,USA
10/12/1962 17:00:00,37.0488,-116.0326,700,20,USA
04/10/1963 16:01:30,37.0488,-116.0303,700,20,USA
5/17/1963 2:55:00 PM,37.0483,-116.0324,700,20,USA
08/11/1982 15:00:00,37.1898,-116.0477,700,20,USA
09/02/1982 14:00:00,37.0197,-116.0157,700,20,USA
12/06/1957 20:15:00,37.0499,-116.0309,800,20,USA
12/07/1974 05:59:59,49.9,77.65,800,1.7,Russia
04/07/1951 17:33:58,11.5558,162.3544,900,81,USA
4/20/1951 5:27:00 PM,11.6689,162.2403,900,47,USA
05/07/1952 12:14:59,37.0531,-116.1056,900,12,USA
5/25/1952 12:00:00 PM,37.0956,-116.1056,900,11,USA
06/01/1952 11:55:00,37.0481,-116.0211,900,15,USA
06/05/1952 11:55:00,37.1386,-116.1178,900,14,USA
3/17/1953 1:20:00 PM,37.0478,-116.0211,900,16,USA
3/24/1953 1:10:00 PM,37.0956,-116.1028,900,24,USA
3/31/1953 1:00:00 PM,37.0828,-116.0239,900,0.2,USA
4/18/1953 12:35:00 PM,37.1383,-116.1178,900,23,USA
4/25/1953 12:30:00 PM,37.0531,-116.1028,900,43,USA
5/19/1953 12:04:59 PM,37.0403,-116.0253,900,32,USA
2/22/1955 1:45:00 PM,37.0478,-116.0211,900,2,USA
03/01/1955 13:30:00,37.1255,-116.0475,900,7,USA
03/12/1955 13:20:00,37.0403,-116.0253,900,4,USA
04/09/1955 12:30:00,37.1222,-116.0344,900,2,USA
5/30/1956 6:15:29 PM,11.5444,162.3644,900,14.9,USA
06/02/1957 11:55:00,37.0478,-116.0211,900,0.14,USA
06/06/1963 16:58:00,37.1247,-116.04,900,20,USA
4/14/1965 1:14:00 PM,37.2804,-116.5236,900,4.3,USA
10/08/1958 22:00:00,37.1953,-116.2003,1000,0.072,USA
9/16/1961 7:45:00 PM,37.0484,-116.0328,1000,20,USA
10/01/1961 22:30:00,37.0483,-116.0345,1000,20,USA
10/02/1974 01:00:01,66.1,112.65,1000,1.7,Russia
10/05/1958 14:10:00,37.0867,-116.0236,1100,0.077,USA
5/18/1974 2:34:55 AM,27.095,71.752,1100,12,India
3/13/1964 4:02:00 PM,37.0505,-116.0115,1100,20,USA
6/17/1965 5:00:00 PM,37.2234,-116.057,1100,20,USA
12/08/1968 16:00:00,37.3434,-116.5659,1100,30,USA
4/15/1955 7:15:00 PM,36.7981,-115.9289,1200,22,USA
7/29/1982 8:05:00 PM,37.1023,-116.075,1200,150,USA
9/23/1982 4:00:00 PM,37.212,-116.2068,1200,20,USA
3/15/1963 4:22:53 PM,37.1258,-116.0448,1300,20,USA
06/06/1963 14:00:00,37.045,-116.0364,1300,20,USA
3/23/1971 6:59:58 AM,61.4,56.2,1300,45,Russia
09/04/1972 07:00:00,67.75,33.1,1300,2.1,Russia
3/31/1962 6:00:00 PM,37.0469,-116.0369,1400,20,USA
9/23/1982 5:00:00 PM,37.1748,-116.0878,1400,150,USA
03/07/1955 13:20:00,37.1383,-116.1175,1500,43,USA
3/22/1955 1:05:00 PM,37.0947,-116.0239,1500,8,USA
3/29/1955 12:55:00 PM,37.0956,-116.1028,1500,14,USA
05/05/1955 12:10:00,36.0531,-116.1025,1500,29,USA
5/15/1955 12:00:00 PM,37.0947,-116.0239,1500,28,USA
5/28/1957 11:55:00 AM,37.0947,-116.0236,1500,12,USA
06/05/1957 11:45:00,37.1347,-116.0408,1500,5.00E-04,USA
6/18/1957 11:45:00 AM,37.1347,-116.0408,1500,10,USA
7/15/1957 11:30:00 AM,37.1503,-116.1086,1500,17,USA
7/24/1957 11:50:00 AM,37.0833,-116.1,1500,10,USA
7/25/1957 1:30:00 PM,37.1347,-116.0408,1500,9.7,USA
8/18/1957 12:00:00 PM,37.128,-116.1064,1500,17,USA
09/02/1957 12:40:00,37.0531,-116.1025,1500,11,USA
09/06/1957 12:45:00,37.1347,-116.0408,1500,0.197,USA
9/14/1957 4:45:00 PM,37.0336,-116.0314,1500,11,USA
9/23/1957 12:30:00 PM,37.1383,-116.1175,1500,19,USA
10/07/1957 13:00:00,37.1347,-116.0408,1500,8,USA
9/19/1958 2:00:00 PM,37.0867,-116.0236,1500,0.083,USA
10/16/1958 2:20:00 PM,37.0867,-116.0236,1500,0.037,USA
10/22/1958 11:40:00 PM,37.1347,-116.0408,1500,0.188,USA
7/26/1957 8:00:00 AM,37.0518,-116.0334,1500,20,USA
8/27/1957 10:35:00 PM,37.0491,-116.034,1500,20,USA
5/16/1958 1:30:00 AM,11.3447,162.1789,1500,9,USA
09/12/1958 20:00:00,37.05,-116.0319,1500,0.038,USA
9/17/1958 7:30:00 PM,37.0494,-116.033,1500,0.015,USA
9/21/1958 7:00:00 PM,37.0492,-116.0336,1500,0.0015,USA
9/26/1958 8:00:00 PM,37.0497,-116.0297,1500,0.002,USA
10/05/1958 16:15:00,37.0489,-116.0342,1500,0.0055,USA
2/19/1962 4:30:00 PM,37.0491,-116.0295,1500,1.9,USA
04/12/1962 18:00:00,37.1272,-116.0449,1500,20,USA
6/30/1962 9:30:00 PM,37.1174,-116.0474,1500,20,USA
7/27/1962 9:00:00 PM,37.1297,-116.0565,1500,20,USA
10/11/1963 14:00:00,37.1187,-116.0339,1500,20,USA
4/15/1964 2:30:00 PM,37.0439,-116.0184,1500,20,USA
12/16/1964 8:10:00 PM,37.1778,-116.067,1500,2.7,USA
3/24/1966 2:55:28 PM,37.1133,-116.0314,1500,20,USA
7/28/1966 3:33:30 PM,37.1403,-116.0989,1500,20,USA
6/30/1946 9:01:00 PM,11,165,1600,21,USA
5/25/1953 3:30:00 PM,36.7931,-115.9147,1600,15,USA
06/01/1962 17:00:00,37.0456,-116.0345,1600,20,USA
09/06/1962 17:00:00,37.1303,-116.0447,1600,20,USA
2/21/1963 7:47:09 PM,37.1548,-116.0799,1600,20,USA
12/12/1963 16:02:00,37.131,-116.0439,1600,5.3,USA
5/14/1964 2:40:00 PM,37.1173,-116.0389,1600,20,USA
11/13/1969 3:15:00 PM,37.1646,-116.0748,1600,1.7,USA
4/22/1966 2:58:00 AM,47.829,47.935,1600,1.1,Russia
05/10/1962 15:00:00,37.1276,-116.0483,1700,20,USA
11/09/1962 18:00:00,37.1638,-116.0733,1700,20,USA
11/15/1963 3:00:00 PM,37.1323,-116.0469,1700,20,USA
8/19/1964 4:00:00 PM,37.159,-116.0831,1700,4.4,USA
8/27/1965 1:51:13 PM,37.1373,-116.0701,1700,20,USA
9/29/1982 1:30:00 PM,37.0913,-116.0449,1700,150,USA
10/06/1967 06:59:57,57.7,65.2,1700,0.3,Russia
12/13/1961 6:00:00 PM,37.1266,-116.0488,1800,0.5,USA
02/08/1962 18:00:00,37.1273,-116.0527,1800,3.07,USA
10/12/1962 15:00:00,37.1228,-116.0508,1800,20,USA
4/24/1963 4:09:30 PM,37.1206,-116.0363,1800,20,USA
12/16/1964 8:00:00 PM,37.0348,-116.0123,1800,1.3,USA
2/18/1965 4:18:47 PM,36.818,-115.9492,1800,20,USA
05/07/1965 15:47:11,37.1404,-116.0666,1800,7,USA
06/11/1965 19:45:00,37.0428,-116.017,1800,1.3,USA
1/13/1966 3:37:43 PM,37.1162,-116.0275,1800,20,USA
9/21/1967 8:45:00 PM,37.166,-116.0384,1800,2.2,USA
8/27/1984 6:00:00 AM,67.75,33,1800,3.4,Russia
10/29/1961 6:30:00 PM,37.0486,-116.0311,1900,20,USA
3/28/1962 6:00:00 PM,37.1243,-116.0339,1900,3.4,USA
4/14/1962 6:00:00 PM,37.222,-116.1574,1900,1.85,USA
4/21/1962 6:40:00 PM,37.119,-116.0315,1900,20,USA
5/25/1962 3:00:00 PM,37.1248,-116.052,1900,20,USA
07/06/1962 17:00:00,37.177,-116.0454,1900,104,USA
6/16/1965 4:30:00 PM,36.8181,-115.9561,1900,20,USA
05/11/1962 20:02:06,31.245,-124.2117,2000,20,USA
6/13/1962 9:00:00 PM,37.2222,-116.1621,2000,2.9,USA
6/14/1963 2:10:00 PM,37.0461,-116.0184,2000,20,USA
4/14/1964 2:40:00 PM,37.1289,-116.0298,2000,20,USA
03/07/1966 18:41:00,37.0374,-116.0294,2000,40,USA
05/04/1966 13:32:17,37.1371,-116.1371,2000,20,USA
08/10/1966 13:16:00,37.1687,-116.0477,2000,20,USA
11/05/1966 14:45:00,37.1699,-116.0472,2000,20,USA
09/08/1979 17:02:00,37.155,-116.0382,2000,20,USA
2/25/1981 3:00:01 PM,37.1819,-116.0842,2000,20,USA
7/16/1981 3:00:00 PM,37.0887,-116.0194,2000,20,USA
08/05/1981 13:41:00,37.1537,-116.0351,2000,20,USA
6/24/1982 2:15:00 PM,37.2362,-116.3702,2000,150,USA
08/05/1982 14:00:00,37.0842,-116.0065,2000,138,USA
6/16/1956 1:13:53 AM,11.5467,162.3608,2100,1.7,USA
6/24/1957 1:30:00 PM,37.7981,-115.9289,2100,37,USA
8/31/1957 12:30:00 PM,37.1872,-116.0678,2100,44,USA
2/19/1962 5:50:00 PM,37.1274,-116.0371,2100,20,USA
8/24/1962 5:00:00 PM,37.0461,-116.0238,2100,20,USA
9/29/1962 5:00:00 PM,37.1167,-116.0328,2100,20,USA
5/29/1963 3:03:30 PM,37.1281,-116.0425,2100,20,USA
6/25/1964 1:30:00 PM,37.1111,-116.0288,2100,20,USA
11/18/1966 3:02:00 PM,37.0428,-116.0103,2100,20,USA
3/14/1968 3:19:00 PM,37.0477,-116.0108,2100,1.5,USA
12/14/1979 6:00:00 PM,37.1374,-116.0631,2100,20,USA
9/24/1981 3:00:00 PM,37.0085,-116.0238,2100,20,USA
4/27/1962 6:00:00 PM,37.1184,-116.0378,2200,20,USA
5/19/1962 3:00:00 PM,37.1226,-116.0472,2200,4.5,USA
9/14/1962 5:10:00 PM,37.0439,-116.0211,2200,20,USA
12/05/1964 21:15:00,37.1343,-116.0697,2200,19,USA
1/14/1965 4:00:00 PM,37.119,-116.0248,2200,20,USA
02/12/1965 15:10:30,37.1645,-116.0766,2200,0.33,USA
9/17/1965 3:08:23 PM,37.111,-116.0346,2200,20,USA
4/27/1967 2:45:00 PM,37.1388,-116.0632,2200,20,USA
4/23/1968 5:01:30 PM,37.3377,-116.3756,2200,20,USA
2/18/1955 7:59:59 PM,37.0867,-116.0219,2300,1,USA
3/29/1955 5:59:55 PM,37.0867,-116.0578,2300,3,USA
8/30/1957 12:40:00 PM,37.0867,-116.0236,2300,4.7,USA
09/08/1957 13:00:00,37.0867,-116.0236,2300,1,USA
04/06/1962 18:00:00,37.1177,-116.044,2300,20,USA
8/24/1962 3:00:00 PM,37.1186,-116.0395,2300,20,USA
11/27/1962 6:00:00 PM,37.1228,-116.029,2300,20,USA
12/04/1962 16:00:00,37.1281,-116.05,2300,20,USA
12/12/1962 18:45:00,37.0461,-116.0156,2300,20,USA
2/21/1963 7:47:00 PM,37.1203,-116.0457,2300,20,USA
04/11/1963 16:03:00,37.1567,-116.071,2300,20,USA
6/25/1963 11:00:00 PM,37.1314,-116.0681,2300,20,USA
8/15/1963 1:00:00 PM,37.1541,-116.0766,2300,20,USA
9/13/1963 1:53:00 PM,37.1634,-116.0806,2300,20,USA
02/04/1965 15:30:00,37.1308,-116.0616,2300,20,USA
04/06/1966 13:57:17,37.1395,-116.1409,2300,20,USA
04/07/1966 22:27:30,37.0174,-115.9922,2300,20,USA
9/29/1966 2:45:30 PM,37.1687,-116.0461,2300,20,USA
11/29/1979 3:00:00 PM,36.994,-116.0241,2300,20,USA
04/01/1952 17:00:08,36.7983,-115.9356,2400,1,USA
9/19/1957 5:00:00 PM,37.1958,-116.2031,2400,1.7,USA
02/09/1962 16:30:00,37.0436,-116.0389,2400,7.1,USA
3/15/1962 4:30:00 PM,37.044,-116.031,2400,20,USA
9/20/1962 5:10:00 PM,37.0551,-116.0293,2400,20,USA
10/19/1962 6:00:00 PM,37.0395,-116.0211,2400,12.5,USA
11/15/1962 4:30:00 PM,37.0418,-116.0239,2400,20,USA
04/05/1963 17:52:00,37.0373,-116.0239,2400,20,USA
5/17/1963 2:55:00 PM,37.0439,-116.0156,2400,20,USA
06/05/1963 17:00:00,37.1966,-116.2092,2400,3.1,USA
5/15/1964 4:15:00 PM,37.0417,-116.0122,2400,20,USA
11/12/1965 18:00:00,37.05,-116.0221,2400,20,USA
11/11/1966 12:00:00,37.1344,-116.0498,2400,20,USA
12/13/1966 9:00:00 PM,36.8773,-115.9379,2400,20,USA
4/21/1967 3:09:00 PM,37.0193,-116.0374,2400,20,USA
8/27/1968 4:30:00 PM,36.8772,-115.9311,2400,20,USA
8/27/1969 1:45:00 PM,37.0215,-116.0381,2400,20,USA
5/21/1970 2:00:00 PM,37.0289,-115.9919,2400,20,USA
10/16/1958 6:00:00 AM,37.1842,-116.2011,2500,5,USA
10/30/1958 3:00:00 PM,37.1858,-116.2019,2500,22,USA
12/22/1961 4:30:00 PM,37.1949,-116.2083,2500,0.15,USA
8/23/1963 1:20:00 PM,37.125,-116.0354,2500,40,USA
05/12/1966 19:37:26,37.1343,-116.0711,2500,20,USA
1/18/1968 4:30:00 PM,37.1456,-116.0657,2500,7.4,USA
1/15/1969 7:00:00 PM,37.1479,-116.0657,2500,10,USA
10/29/1958 12:00:00 AM,37.1947,-116.2047,2600,0.055,USA
10/10/1961 18:00:00,37.1943,-116.207,2600,20,USA
1/18/1962 6:00:00 PM,37.0473,-116.0344,2600,6.4,USA
03/08/1962 18:00:00,37.1222,-116.0489,2600,8.4,USA
04/05/1962 18:00:00,37.0445,-116.0235,2600,10.6,USA
05/07/1962 19:33:00,37.0466,-116.025,2600,20,USA
06/06/1962 17:00:00,37.0457,-116.0393,2600,20,USA
6/21/1962 5:00:00 PM,37.0431,-116.0303,2600,20,USA
02/08/1963 18:30:00,37.0461,-116.0211,2600,20,USA
10/11/1963 14:00:00,37.0373,-116.0212,2600,20,USA
11/14/1963 4:00:00 PM,37.0395,-116.0184,2600,20,USA
12/04/1963 16:38:30,37.0396,-116.0294,2600,40,USA
1/23/1964 4:00:00 PM,37.1264,-116.0363,2600,10.5,USA
4/29/1964 8:47:00 PM,37.0396,-116.0266,2600,20,USA
06/11/1964 16:45:00,37.1486,-116.076,2600,20,USA
6/30/1964 1:33:00 PM,37.1744,-116.0564,2600,20,USA
09/04/1964 18:15:00,37.0176,-116.0227,2600,20,USA
10/16/1964 3:59:30 PM,37.0395,-116.0157,2600,40,USA
12/16/1965 3:39:18 PM,37.1408,-116.0632,2600,20,USA
09/12/1966 15:30:01,36.8769,-115.9506,2600,7.8,USA
02/08/1967 15:15:00,37.1675,-116.0471,2600,20,USA
3/25/1968 6:44:27 PM,36.8717,-115.9311,2600,20,USA
09/12/1969 18:02:20,36.8772,-115.9285,2600,20,USA
10/29/1969 7:30:00 PM,37.1215,-116.1278,2600,11,USA
11/24/1971 8:15:00 PM,36.8792,-115.9347,2600,20,USA
7/17/1964 5:18:30 PM,37.0176,-116.0296,2700,20,England
05/09/1963 18:19:30,37.0494,-116.0156,2700,20,USA
02/03/1966 18:17:37,37.1263,-116.0695,2700,20,USA
03/02/1967 15:00:00,37.1659,-116.0487,2700,20,USA
04/07/1967 15:00:00,37.0544,-116.0222,2700,20,USA
1/23/1970 4:30:00 PM,37.1374,-116.0368,2700,60,USA
05/01/1970 14:40:00,37.133,-116.0341,2700,40,USA
05/12/1970 14:00:00,37.0104,-116.2019,2700,20,USA
07/01/1971 14:00:00,37.0115,-116.2034,2700,20,USA
03/08/1980 15:35:00,37.1799,-116.0831,2700,20,USA
3/29/1963 3:49:00 PM,37.0417,-116.0184,2800,20,USA
5/21/1965 1:08:52 PM,37.1186,-116.0277,2800,20,USA
12/18/1970 3:30:00 PM,37.1731,-116.0989,2800,10,USA
11/28/1973 3:30:00 PM,37.011,-116.0245,2800,20,USA
2/15/1962 6:00:00 PM,37.2263,-116.0593,2900,5.7,USA
5/14/1965 2:57:52 PM,36.8234,-115.9668,2900,0.75,USA
03/06/1970 15:00:00,37.1396,-116.0368,2900,60,USA
8/27/1981 2:31:00 PM,37.1604,-116.0665,2900,20,USA
6/16/1982 2:00:01 PM,37.1142,-116.0166,2900,20,USA
12/07/1962 19:00:00,37.0518,-116.0293,3000,20,England
01/09/1962 16:30:00,37.0446,-116.0351,3000,5.1,USA
2/23/1962 6:00:00 PM,37.1289,-116.0483,3000,11.9,USA
02/08/1963 16:00:00,37.1489,-116.0519,3000,20,USA
03/01/1963 19:00:00,37.0445,-116.0265,3000,20,USA
08/12/1963 23:45:00,37.0417,-116.0156,3000,20,USA
11/22/1963 5:30:00 PM,37.1193,-116.0452,3000,200,USA
2/16/1965 5:30:00 PM,37.0516,-116.0238,3000,10.1,USA
4/21/1965 10:00:00 PM,37.0072,-116.2021,3000,20,USA
09/01/1965 20:08:00,37.023,-116.009,3000,40,USA
4/25/1966 6:38:00 PM,36.8874,-115.9407,3000,20,USA
2/23/1967 6:34:00 PM,37.0175,-116.0159,3000,20,USA
6/22/1967 1:10:00 PM,37.1256,-116.0287,3000,20,USA
10/25/1967 2:30:00 PM,37.0316,-116.0264,3000,20,USA
10/03/1968 14:29:00,37.0259,-115.9928,3000,20,USA
3/20/1969 6:12:00 PM,37.022,-116.0302,3000,20,USA
06/12/1969 14:00:00,37.0088,-116.0303,3000,20,USA
1/30/1970 5:00:00 PM,37.0308,-116.0348,3000,20,USA
3/19/1970 2:03:30 PM,37.0011,-116.0229,3000,20,USA
6/16/1971 2:50:00 PM,37.0332,-116.0137,3000,20,USA
9/26/1972 2:30:00 PM,37.1214,-116.0857,3000,15,USA
09/04/1981 15:00:00,37.0581,-116.0481,3000,20,USA
6/28/1962 5:00:00 PM,37.0091,-116.2011,3100,20,USA
05/05/1966 14:00:00,37.0506,-116.0379,3100,12,USA
6/29/1967 11:25:00 AM,37.0286,-116.0226,3100,10,USA
11/20/1968 6:00:00 PM,37.0098,-116.2064,3100,20,USA
10/29/1969 8:00:00 PM,37.1353,-116.1359,3100,66.8,USA
6/26/1970 1:00:00 PM,37.1139,-116.0861,3100,40,USA
1/27/1951 1:44:51 PM,36.8,-115.95,3200,1,USA
05/01/1952 16:29:59,37.0842,-116.0203,3200,19,USA
10/27/1962 3:00:00 PM,37.1493,-116.0535,3200,20,USA
4/23/1965 9:44:00 PM,37.0174,-115.9953,3200,20,USA
08/06/1965 17:23:30,37.0177,-116.0398,3200,20,USA
6/25/1966 5:13:00 PM,37.1553,-116.0722,3200,25,USA
5/17/1972 2:10:00 PM,37.1206,-116.0879,3200,20,USA
11/23/1976 3:15:00 PM,37.1717,-116.0527,3200,20,USA
2/13/1978 9:53:00 PM,37.1261,-116.0317,3200,20,USA
6/24/1980 3:10:00 PM,37.0233,-116.0341,3200,20,USA
11/14/1980 4:50:00 PM,37.111,-116.0187,3200,20,USA
4/30/1981 2:35:00 PM,37.1773,-116.0848,3200,20,USA
5/29/1981 4:00:00 PM,37.1019,-116.0041,3200,20,USA
1/28/1951 1:52:04 PM,36.8,-115.95,3300,8,USA
02/01/1951 13:46:40,36.8,-115.95,3300,1,USA
02/08/1963 18:30:00,37.0583,-116.0293,3300,20,USA
1/21/1966 6:28:00 PM,37.0317,-116.0158,3300,20,USA
3/18/1966 7:00:00 PM,37.0093,-116.0091,3300,20,USA
6/15/1966 5:00:00 PM,37.0097,-116.2024,3300,20,USA
8/18/1967 8:12:30 PM,37.0122,-116.0365,3300,20,USA
12/15/1967 3:00:00 PM,37.0367,-116.002,3300,20,USA
09/12/1968 14:00:00,37.0318,-116.0116,3300,20,USA
12/14/1971 9:09:59 PM,37.1239,-116.0896,3300,200,USA
4/19/1972 4:32:00 PM,37.1219,-116.0838,3300,20,USA
11/26/1975 3:30:00 PM,37.1173,-116.0189,3300,20,USA
12/21/1976 3:09:00 PM,37.1239,-116.0675,3300,20,USA
1/24/1979 6:00:00 PM,37.1054,-116.0117,3300,20,USA
02/02/1951 13:48:48,36.8,-115.95,3400,8,USA
10/28/1951 3:20:09 PM,37.085,-116.02,3400,3.5,USA
4/15/1952 5:29:57 PM,37.0842,-116.0194,3400,1,USA
5/27/1966 8:00:00 PM,37.1784,-116.0978,3400,22,USA
9/24/1968 5:05:00 PM,37.2048,-116.2064,3400,20,USA
4/21/1970 2:30:00 PM,37.0549,-115.9881,3400,12.7,USA
6/20/1979 3:00:13 PM,37.1076,-116.0151,3400,20,USA
5/22/1980 1:00:00 PM,37.0031,-116.0314,3400,20,USA
07/10/1981 14:00:00,37.1286,-116.0338,3400,20,USA
12/16/1981 9:05:00 PM,37.1145,-116.1229,3400,20,USA
05/06/1982 20:00:00,37.1168,-116.1269,3400,20,USA
10/30/1951 3:00:30 PM,37.085,-116.0203,3500,14,USA
10/24/1975 5:11:26 PM,37.2216,-116.1797,3500,20,USA
05/02/1980 18:46:30,37.056,-116.019,3500,20,USA
02/05/1981 18:00:00,37.0109,-116.0322,3500,20,USA
03/01/1962 19:10:00,37.0413,-116.0287,3600,9.5,England
12/03/1961 23:05:00,37.0459,-116.0277,3600,13.4,USA
12/10/1961 19:00:00,32.2636,-103.8658,3600,3,USA
12/17/1961 4:35:00 PM,37.0432,-116.0253,3600,20,USA
1/30/1962 6:00:00 PM,37.0468,-116.0395,3600,20,USA
8/28/1964 5:06:00 PM,37.067,-116.0223,3600,20,USA
11/04/1968 15:15:00,37.1305,-116.0865,3600,200,USA
11/15/1968 3:45:00 PM,37.0261,-116.0333,3600,20,USA
4/17/1982 6:00:00 PM,37.0168,-116.0099,3600,20,USA
10/26/1963 5:00:00 PM,39.2002,-118.3803,3700,12,USA
1/19/1967 4:45:00 PM,37.1437,-116.1352,3700,39,USA
11/17/1977 7:30:00 PM,37.0206,-116.0251,3700,20,USA
3/14/1979 6:30:00 PM,37.0278,-116.0398,3700,20,USA
2/28/1980 3:00:00 PM,37.1265,-116.0885,3700,20,USA
7/31/1980 6:19:00 PM,37.013,-116.0227,3700,20,USA
11/12/1982 19:17:00,37.0237,-116.0321,3700,20,USA
6/26/1967 4:00:00 PM,37.2021,-116.2078,3800,20,USA
04/10/1968 14:00:00,37.1544,-116.0789,3800,220,USA
7/30/1968 1:00:00 PM,37.1332,-116.0823,3800,200,USA
12/17/1969 3:15:00 PM,37.0066,-116.0228,3800,20,USA
9/29/1971 2:00:00 PM,37.011,-116.0073,3800,20,USA
10/08/1971 14:30:00,37.1138,-116.0373,3800,20,USA
05/02/1972 19:15:00,37.2077,-116.2088,3800,20,USA
04/05/1975 19:45:00,37.1879,-116.2139,3800,20,USA
9/15/1977 2:36:30 PM,37.0328,-116.0431,3800,20,USA
10/26/1977 2:15:00 PM,37.0076,-116.0167,3800,20,USA
9/25/1980 2:45:00 PM,37.0562,-116.0481,3800,150,USA
5/22/1963 3:40:00 PM,37.1111,-116.0391,3900,200,USA
7/16/1964 1:15:00 PM,37.1822,-116.0454,3900,200,USA
10/31/1964 5:04:59 PM,37.1072,-116.0323,3900,20,USA
11/21/1969 2:52:00 PM,37.0312,-116.0021,3900,200,USA
2/26/1970 3:30:00 PM,37.1164,-116.0614,3900,600,USA
05/01/1970 14:13:00,37.0592,-116.0282,3900,20,USA
11/05/1970 15:00:00,37.0295,-116.0118,3900,200,USA
06/05/1973 17:00:00,37.185,-116.2151,3900,20,USA
6/19/1974 4:00:00 PM,37.2103,-116.2073,3900,20,USA
11/01/1977 18:06:00,37.1878,-116.213,3900,20,USA
9/13/1978 3:15:00 PM,37.2088,-116.2108,3900,20,USA
10/31/1980 6:00:00 PM,37.2113,-116.2054,3900,20,USA
11/05/1951 16:29:58,37.0919,-116.0244,4000,31,USA
9/15/1961 5:00:00 PM,37.1879,-116.2078,4000,2.6,USA
12/12/1962 17:25:00,37.1687,-116.2061,4000,20,USA
11/05/1964 15:00:00,37.1744,-116.067,4000,12,USA
12/05/1964 21:15:00,37.1144,-116.0534,4000,200,USA
03/12/1966 18:04:13,37.1437,-116.0525,4000,20,USA
02/11/1970 19:15:00,37.2013,-116.2052,4000,20,USA
4/21/1970 3:00:00 PM,37.1156,-116.0801,4000,400,USA
10/28/1974 3:00:00 PM,37.2011,-116.2039,4000,20,USA
05/12/1976 19:50:00,37.2091,-116.2125,4000,20,USA
08/08/1979 15:00:00,37.0147,-116.008,4000,150,USA
8/28/1973 3:00:00 AM,50.527,68.323,4000,6.3,Russia
06/04/1953 11:14:57,37.0875,-116.0183,4100,61,USA
6/27/1962 6:00:00 PM,37.0416,-116.0353,4100,67,USA
7/13/1962 4:00:00 PM,37.0551,-116.0334,4100,200,USA
10/09/1964 14:00:00,37.1513,-116.077,4100,38,USA
03/05/1966 18:15:00,37.1745,-116.2084,4100,20,USA
2/29/1968 5:08:30 PM,37.1846,-116.2114,4100,20,USA
02/12/1969 16:18:21,37.1691,-116.2107,4100,20,USA
7/16/1969 1:02:30 PM,37.1194,-116.0551,4100,200,USA
2/25/1970 2:28:38 PM,37.0367,-115.9996,4100,200,USA
05/05/1970 15:30:00,37.2165,-116.1841,4100,20,USA
10/12/1973 17:00:00,37.2004,-116.2032,4100,20,USA
4/24/1975 2:10:00 PM,37.1157,-116.0874,4100,200,USA
12/10/1982 15:20:00,37.0302,-116.0719,4100,150,USA
12/06/1969 07:03:00,43.867,54.8,4100,30,Russia
12/05/1969 17:00:00,37.18,-116.2109,4200,20,USA
5/26/1970 2:16:00 PM,37.1826,-116.2134,4200,20,USA
6/29/1971 6:30:00 PM,37.1768,-116.2115,4200,20,USA
7/20/1972 5:16:00 PM,37.2145,-116.1834,4200,20,USA
04/03/1980 14:00:00,37.1499,-116.0823,4200,150,USA
9/25/1980 3:26:30 PM,37.1159,-116.0646,4200,1.07,USA
11/24/1972 10:00:00 AM,51.842,64.21,4200,6.6,Russia
11/01/1951 15:30:02,37.0847,-116.0197,4300,21,USA
10/24/1980 7:15:00 PM,37.0746,-115.9993,4300,20,England
05/12/1962 19:00:00,37.0652,-116.0304,4300,40,USA
5/14/1965 5:32:36 PM,37.0588,-116.0105,4300,20,USA
8/14/1974 2:00:00 PM,37.0234,-116.0364,4300,20,USA
09/06/1975 17:00:00,37.0236,-116.0291,4300,20,USA
12/08/1976 14:49:30,37.0793,-116.0016,4300,20,USA
02/06/1951 13:46:55,36.8,-115.95,4400,22,USA
1/19/1968 3:00:00 PM,37.1564,-116.0539,4400,200,USA
11/22/1968 4:19:00 PM,37.1399,-116.0423,4400,20,USA
02/05/1970 15:00:00,37.164,-116.0388,4400,25,USA
5/15/1970 1:30:00 PM,37.1619,-116.0389,4400,400,USA
12/21/1972 8:15:00 PM,37.1399,-116.0833,4400,20,USA
9/27/1978 5:00:00 PM,37.0798,-116.0513,4400,150,USA
11/15/1952 11:30:00 PM,11.5622,162.3525,4500,500,USA
8/22/1964 10:17:00 PM,37.0653,-116.0154,4500,20,USA
10/02/1964 20:03:00,37.0779,-116.0085,4500,20,USA
04/05/1965 21:00:00,37.0258,-116.0226,4500,20,USA
6/15/1966 6:02:47 PM,37.1715,-116.0489,4500,200,USA
8/31/1967 4:30:00 PM,37.1776,-116.2089,4500,20,USA
1/30/1969 3:00:00 PM,37.0533,-116.0293,4500,200,USA
6/23/1971 3:30:00 PM,37.022,-116.0227,4500,200,USA
4/25/1973 10:25:00 PM,37.0048,-116.0284,4500,40,USA
08/03/1979 15:07:30,37.084,-116.0699,4500,150,USA
11/11/1981 20:00:00,37.0763,-116.0685,4500,150,USA
07/05/1957 11:40:00,37.1347,-116.0408,4600,74,USA
08/07/1957 12:25:00,37.0867,-116.0236,4600,19,USA
8/23/1957 12:30:00 PM,37.0867,-116.0236,4600,11,USA
9/16/1957 12:50:00 PM,37.0867,-116.0236,4600,12,USA
9/28/1957 1:00:00 PM,37.1347,-116.0408,4600,12,USA
9/29/1958 2:05:00 PM,37.0867,-116.0236,4600,2,USA
10/13/1958 1:20:00 PM,37.0867,-116.0236,4600,1.4,USA
10/22/1958 1:30:00 PM,37.0867,-116.0236,4600,6,USA
10/22/1958 4:50:00 PM,36.7981,-115.9289,4600,0.115,USA
10/26/1958 10:20:00 AM,36.7981,-115.9289,4600,4.9,USA
10/26/1958 4:00:00 PM,37.0867,-116.0236,4600,2.2,USA
10/30/1958 3:00:00 AM,37.0867,-116.0236,4600,1.3,USA
09/10/1965 17:12:00,37.078,-116.0167,4600,200,England
8/29/1979 3:08:00 PM,37.1212,-116.0666,4600,150,England
06/02/1966 15:30:00,37.2271,-116.0555,4600,62,USA
3/21/1969 2:30:00 PM,37.1332,-116.0867,4600,100,USA
12/18/1969 7:00:00 PM,37.1205,-116.0348,4600,400,USA
5/23/1974 1:38:30 PM,37.1245,-116.0789,4700,200,England
08/10/1967 14:10:00,37.1567,-116.0473,4700,20,USA
5/17/1968 1:00:00 PM,37.1201,-116.0588,4700,200,USA
9/17/1968 2:00:00 PM,37.1199,-116.1275,4700,200,USA
6/28/1973 7:15:12 PM,37.1484,-116.0859,4700,200,USA
10/01/1981 19:00:00,37.0816,-116.0088,4700,150,USA
12/23/1970 7:01:00 AM,44.025,54.933,4700,75,Russia
07/10/1971 17:00:01,64.167,55.267,4700,2.3,Russia
7/27/1967 1:00:00 PM,37.1487,-116.0485,4800,200,USA
5/21/1970 2:15:00 PM,37.0708,-116.013,4800,200,USA
12/16/1970 4:00:00 PM,37.1002,-116.0079,4800,200,USA
10/05/1962 17:00:00,37.1394,-116.0503,4900,115,USA
1/16/1964 4:00:00 PM,37.1423,-116.0491,4900,200,USA
2/20/1964 3:30:00 PM,37.1509,-116.0401,4900,200,USA
06/10/1966 14:30:00,37.0594,-116.0388,4900,20,USA
4/18/1968 2:05:00 PM,37.1525,-116.037,4900,200,USA
12/03/1981 15:00:00,37.1484,-116.0708,4900,150,USA
8/20/1972 3:00:00 AM,49.4,48.142,4900,6.6,Russia
9/21/1972 9:00:00 AM,52.118,52.068,4900,2.3,Russia
10/03/1972 09:00:00,46.853,44.938,4900,6.6,Russia
08/10/1977 22:00:00,50.955,110.983,4900,8.5,Russia
12/16/1965 7:15:00 PM,37.0726,-116.0291,5000,200,USA
05/10/1967 13:40:00,37.0779,-115.9953,5000,200,USA
12/12/1970 07:01:00,43.85,54.8,5000,80,Russia
08/12/1975 15:00:01,70.763,126.953,5000,7.6,Russia
4/24/1964 8:10:00 PM,37.1496,-116.0554,5100,200,USA
5/27/1969 2:15:00 PM,37.0751,-115.9953,5100,200,USA
11/12/1981 15:00:00,37.1082,-116.049,5200,150,England
09/07/1967 13:45:00,37.1532,-116.0528,5200,200,USA
1/15/1969 7:30:00 PM,37.2091,-116.2254,5200,200,USA
6/24/1971 2:00:00 PM,37.1467,-116.0668,5200,200,USA
08/04/1977 16:40:00,37.0866,-116.0069,5200,150,USA
7/23/1965 5:00:00 PM,37.0978,-116.033,5300,200,USA
5/26/1970 3:00:00 PM,37.1134,-116.0623,5300,103,USA
07/08/1971 14:00:00,37.1101,-116.0514,5300,83,USA
8/18/1971 2:00:00 PM,37.0572,-116.0363,5300,200,USA
9/27/1977 2:00:00 PM,37.1512,-116.0676,5300,150,USA
8/14/1974 3:00:00 PM,68.903,75.823,5300,7.6,Russia
8/26/1976 2:30:00 PM,37.125,-116.082,5400,150,England
11/18/1978 7:00:00 PM,37.1269,-116.0839,5400,150,England
3/26/1965 3:34:08 PM,37.1476,-116.0429,5400,200,USA
4/14/1966 2:13:43 PM,37.2427,-116.4309,5400,70,USA
5/19/1972 5:00:00 PM,37.0647,-116.0018,5400,20,USA
2/15/1979 6:05:00 PM,37.152,-116.0718,5400,150,USA
6/28/1979 2:44:00 PM,37.1432,-116.0875,5400,150,USA
07/02/1971 17:00:01,67.283,63.467,5400,2.3,Russia
10/16/1963 5:00:00 PM,37.1982,-116.2295,5500,200,USA
5/13/1966 1:30:00 PM,37.0869,-116.0334,5500,200,USA
7/16/1969 2:55:00 PM,37.1395,-116.0874,5500,200,USA
12/17/1969 3:00:00 PM,37.0838,-116.0016,5500,200,USA
02/04/1970 17:00:00,37.0981,-116.0265,5500,200,USA
09/10/1977 16:00:00,57.251,106.551,5500,7.6,Russia
7/30/1982 9:00:00 PM,53.8,104.15,5500,8.5,Russia
9/25/1982 6:00:00 PM,64.35,91.8,5500,8.5,Russia
1/18/1966 6:35:00 PM,37.0917,-116.0187,5600,200,USA
04/01/1966 18:40:00,37.1027,-116.0199,5600,20,USA
06/03/1966 14:00:00,37.0684,-116.0353,5600,200,USA
9/23/1966 6:00:00 PM,37.0209,-116.0364,5600,20,USA
1/20/1967 5:40:03 PM,37.0999,-116.0038,5600,200,USA
4/30/1969 5:00:00 PM,37.0815,-116.0139,5600,200,USA
4/30/1969 5:00:00 PM,37.0903,-116.0056,5600,200,USA
3/23/1970 11:05:00 PM,37.0862,-116.0211,5600,200,USA
10/14/1970 2:30:00 PM,37.0707,-116.0051,5600,200,USA
9/21/1972 3:30:00 PM,37.0821,-116.0383,5600,200,USA
4/26/1973 5:15:00 PM,37.1231,-116.0585,5600,90,USA
5/25/1977 5:00:00 PM,37.0943,-116.0449,5600,150,USA
07/12/1978 17:00:00,37.0787,-116.0438,5600,150,USA
1/15/1981 8:25:00 PM,37.0871,-116.0448,5600,150,USA
05/07/1982 18:17:00,37.0691,-116.0455,5600,150,USA
9/17/1984 9:00:00 PM,55.834,87.526,5600,10,Russia
12/17/1980 3:10:00 PM,37.3248,-116.3117,5700,150,England
4/25/1982 6:05:00 PM,37.2558,-116.4224,5700,150,England
03/08/1973 16:10:00,37.1036,-116.0267,5700,200,USA
9/26/1974 3:05:00 PM,37.1326,-116.0684,5700,200,USA
4/30/1975 3:00:00 PM,37.1089,-116.0288,5700,200,USA
08/09/1978 18:00:01,63.678,125.522,5700,22,Russia
09/06/1968 14:00:00,37.1361,-116.0472,5800,200,USA
11/02/1978 15:25:00,37.2879,-116.2975,5800,20,USA
02/08/1979 20:00:00,37.1025,-116.0548,5800,150,USA
4/16/1980 8:00:00 PM,37.1011,-116.0305,5800,150,USA
8/29/1974 3:00:00 PM,67.085,62.625,5800,7.6,Russia
8/24/1978 6:00:00 PM,65.925,112.338,5800,22,Russia
10/22/1981 2:00:00 PM,63.8,97.55,5800,8.5,Russia
4/27/1977 3:00:00 PM,37.0948,-116.0279,5900,150,USA
10/17/1978 2:00:00 PM,63.185,63.432,5900,22,Russia
05/07/1969 13:45:00,37.2829,-116.5006,6000,200,USA
03/07/1975 15:00:00,37.134,-116.0842,6000,200,USA
07/01/1968 04:02:01,47.909,47.912,6000,27,Russia
10/04/1971 10:00:00,61.358,48.092,6000,2.3,Russia
8/15/1973 2:00:00 AM,42.775,67.408,6000,6.3,Russia
4/25/1975 5:00:00 AM,47.909,47.912,6000,0.35,Russia
8/20/1977 10:00:01 PM,64.108,99.558,6000,8.5,Russia
10/14/1977 6:59:59 AM,47.909,47.912,6000,0.1,Russia
10/30/1977 6:59:59 AM,47.909,47.912,6000,0.01,Russia
09/12/1978 04:59:59,47.909,47.912,6000,0.08,Russia
11/30/1978 7:59:59 AM,47.909,47.912,6000,0.06,Russia
01/10/1979 08:00:00,47.909,47.912,6000,0.5,Russia
09/06/1979 18:00:00,64.11,99.562,6000,8.5,Russia
5/14/1955 8:00:00 PM,28.7333,-126.2667,6100,30,USA
9/19/1971 11:00:01 AM,57.508,42.643,6100,2.3,Russia
6/28/1968 12:22:00 PM,37.2455,-116.4829,6200,200,USA
10/08/1969 14:30:00,37.2567,-116.4408,6200,1000,USA
10/29/1969 10:01:51 PM,37.1433,-116.0638,6200,110,USA
9/19/1973 3:00:00 AM,45.758,67.825,6200,6.3,Russia
4/26/1980 5:00:00 PM,37.2484,-116.4224,6300,150,England
5/26/1967 3:00:01 PM,37.2479,-116.4802,6300,76,USA
04/11/1978 15:30:00,37.2996,-116.3267,6300,150,USA
12/18/1978 7:59:59 AM,47.86,48.16,6300,103,Russia
2/21/1968 3:30:00 PM,37.1166,-116.0537,6400,200,USA
2/27/1974 5:00:00 PM,37.1043,-116.0528,6400,200,USA
07/10/1974 16:00:00,37.0675,-116.0318,6400,200,USA
06/03/1975 14:40:00,37.0948,-116.0361,6400,200,USA
02/04/1976 14:20:00,37.0693,-116.0302,6400,200,USA
7/27/1976 8:30:00 PM,37.0754,-116.0438,6400,150,USA
12/28/1976 6:00:00 PM,37.1005,-116.0365,6400,150,USA
3/23/1978 4:30:00 PM,37.1018,-116.0511,6400,150,USA
05/10/1978 00:00:00,37.0878,-116.0526,6400,0,USA
9/27/1978 5:20:00 PM,37.0739,-116.0198,6400,150,USA
09/06/1979 15:00:00,37.0881,-116.0528,6400,140,USA
9/26/1979 3:00:00 PM,37.2291,-116.3641,6400,150,USA
06/06/1981 18:00:00,37.3034,-116.3256,6400,150,USA
1/28/1982 4:00:00 PM,37.0913,-116.0512,6400,139,USA
02/12/1982 14:55:00,37.2243,-116.4627,6400,150,USA
02/12/1982 15:25:00,37.348,-116.3161,6400,150,USA
06/12/1980 17:15:00,37.2817,-116.4539,6500,150,USA
12/17/1970 4:05:00 PM,37.1291,-116.083,6600,220,USA
8/30/1974 3:00:00 PM,37.1525,-116.0833,6600,200,USA
02/04/1976 14:40:00,37.1066,-116.0374,6600,200,USA
2/23/1978 5:00:00 PM,37.1237,-116.0638,6600,150,USA
04/11/1978 17:45:00,37.2335,-116.3685,6700,150,England
2/24/1966 3:55:07 PM,37.2718,-116.4338,6700,19,USA
05/06/1966 15:00:00,37.348,-116.3219,6700,73,USA
5/19/1966 1:56:28 PM,37.1111,-116.0579,6700,200,USA
9/27/1967 5:00:00 PM,37.0988,-116.0532,6700,200,USA
11/08/1967 15:00:00,37.0918,-116.0358,6700,20,USA
3/22/1968 3:00:00 PM,37.3326,-116.3107,6700,200,USA
12/14/1977 3:30:00 PM,37.1359,-116.086,6700,150,USA
12/03/1965 15:13:02,37.1648,-116.0523,6800,200,USA
6/15/1968 2:00:00 PM,37.2649,-116.3146,6800,200,USA
8/31/1978 2:00:00 PM,37.2759,-116.3573,6800,150,USA
06/11/1979 14:00:00,37.2897,-116.4553,6800,150,USA
7/25/1980 7:05:00 PM,37.2563,-116.4774,6800,150,USA
11/24/1972 9:00:00 AM,51.99,51.867,6800,2.3,Russia
04/05/1977 15:00:00,37.1202,-116.0623,6900,150,USA
12/16/1978 3:30:00 PM,37.2734,-116.4103,6900,150,USA
05/12/1965 18:15:00,37.2427,-116.4309,7000,20,USA
10/29/1965 9:00:00 PM,51.4381,179.1826,7000,80,USA
8/19/1977 5:55:00 PM,37.11,-116.0545,7000,150,USA
11/09/1977 22:00:00,37.0721,-116.05,7000,150,USA
6/25/1970 4:59:55 AM,52.2,55.7,7000,2.3,Russia
9/13/1963 5:00:00 PM,37.0604,-116.0217,7100,249,USA
2/28/1975 3:15:00 PM,37.1062,-116.0563,7100,200,USA
9/26/1969 6:59:58 AM,45.848,42.6,7100,10,Russia
10/18/1967 2:30:00 PM,37.1156,-116.0576,7200,200,USA
12/20/1975 8:00:00 PM,37.1276,-116.0616,7200,200,USA
11/01/1980 13:00:00,60.8,97.55,7200,8,Russia
2/23/1967 6:50:00 PM,37.1269,-116.0664,7300,200,USA
8/29/1968 10:45:00 PM,37.2503,-116.3469,7300,200,USA
06/03/1975 14:20:00,37.3401,-116.5229,7300,200,USA
8/25/1984 7:00:00 PM,61.9,72.1,7300,8.5,Russia
05/08/1953 15:29:55,36.5,-115.9289,7400,27,USA
03/03/1965 19:13:00,37.0645,-116.0372,7500,200,USA
5/20/1967 3:00:00 PM,37.1304,-116.0639,7500,250,USA
08/11/1984 19:00:00,65.05,55.1,7600,8.5,Russia
5/14/1975 2:00:00 PM,37.2208,-116.4742,7700,1000,USA
7/18/1985 9:15:00 PM,65.994,41.038,7700,8.5,Russia
3/17/1976 2:45:00 PM,37.1073,-116.0525,7800,500,USA
6/30/1966 10:15:00 PM,37.3158,-116.299,8200,365,USA
11/20/1975 3:00:00 PM,37.225,-116.3676,8200,1000,USA
08/12/1987 01:30:00,61.45,112.8,8200,3.2,Russia
09/06/1988 16:20:00,61.361,48.092,8200,8.5,Russia
10/22/1964 4:00:00 PM,31.1421,-89.5699,8300,5.3,USA
12/03/1966 12:15:00,31.1421,-89.5699,8300,0.38,USA
9/29/1975 11:00:00 AM,69.578,90.337,8300,7.6,Russia
8/22/1988 4:20:00 PM,66.28,78.491,8300,15,Russia
10/04/1979 16:00:00,60.675,71.455,8400,22,Russia
07/10/1983 04:10:00,51.38,53.34,8400,15,Russia
7/21/1984 3:10:00 AM,51.391,53.351,8400,15,Russia
7/26/1977 5:00:00 PM,69.575,90.375,8500,15,Russia
10/24/1979 5:59:59 AM,47.85,48.14,8500,170,Russia
7/21/1984 3:00:00 AM,51.358,53.319,8500,15,Russia
03/09/1976 14:00:00,37.31,-116.3642,8700,500,USA
3/17/1976 2:15:00 PM,37.2559,-116.3119,8800,500,USA
9/21/1978 3:00:00 PM,66.598,86.21,8900,15,Russia
9/16/1979 9:00:00 AM,48.2,38.3,9000,0.3,Russia
6/19/1975 1:00:00 PM,37.3503,-116.3202,9100,1000,USA
07/10/1983 04:00:00,51.363,53.306,9100,15,Russia
07/10/1983 04:05:00,51.367,53.327,9200,15,Russia
9/24/1983 5:10:00 AM,46.767,48.31,9200,8.5,Russia
10/16/1982 6:00:00 AM,46.759,48.247,9500,13.5,Russia
9/24/1983 5:20:00 AM,46.754,48.289,9500,8.5,Russia
09/04/1982 18:00:00,69.2,81.65,9600,16,Russia
7/21/1984 3:05:00 AM,51.371,53.337,9600,15,Russia
5/23/1967 2:00:00 PM,37.2751,-116.37,9800,155,USA
1/19/1968 6:15:00 PM,38.6343,-116.2153,9800,1000,USA
7/14/1979 4:59:58 AM,47.88,48.12,9800,60,Russia
08/12/1979 18:00:00,61.803,122.43,9800,8.5,Russia
12/22/1971 6:59:59 AM,47.897,48.133,9900,64,Russia
3/29/1976 7:00:00 AM,47.897,48.133,9900,10,Russia
10/16/1982 6:05:00 AM,46.752,48.258,9900,8.5,Russia
7/29/1976 5:00:01 AM,47.87,48.15,10000,58,Russia
1/17/1979 7:59:59 AM,47.92,48.12,10000,170,Russia
10/27/1984 6:00:00 AM,46.9,48.15,10000,3.2,Russia
10/27/1984 6:05:00 AM,46.95,48.1,10000,3.2,Russia
10/03/1987 15:15:00,47.6,56.2,10000,8.5,Russia
10/17/1978 4:59:59 AM,47.85,48.12,10400,170,Russia
4/22/1952 5:30:10 PM,37.0844,-116.0203,10500,31,USA
10/08/1980 06:00:00,46.757,48.275,10500,8.5,Russia
9/26/1981 5:00:00 AM,46.79,48.313,10500,8.5,Russia
9/26/1981 5:04:00 AM,46.771,48.304,10500,8.5,Russia
9/24/1983 5:00:00 AM,46.783,48.315,10500,8.5,Russia
9/24/1983 5:05:00 AM,46.788,48.297,10500,8.5,Russia
06/06/1973 13:00:00,37.2451,-116.346,10600,1000,USA
10/16/1982 6:15:00 AM,46.76,48.3,10600,8.5,Russia
10/16/1982 6:10:00 AM,46.766,48.288,11000,8.5,Russia
9/24/1983 5:15:00 AM,46.749,48.303,11000,8.5,Russia
9/24/1983 5:25:00 AM,46.766,48.274,11000,8.5,Russia
10/22/1971 5:00:01 AM,51.6,54.45,11400,15,Russia
9/30/1973 5:00:00 AM,51.65,54.55,11500,10,Russia
9/16/1969 2:30:00 PM,37.3141,-116.4607,11600,1000,USA
4/26/1968 3:00:00 PM,37.2954,-116.4557,11700,1300,USA
2/14/1976 11:30:00 AM,37.2426,-116.4202,11700,500,USA
3/26/1970 7:00:00 PM,37.3005,-116.5341,12100,1000,USA
09/02/1969 04:59:59,57.22,55.393,12100,7.6,Russia
09/08/1969 04:59:59,57.22,55.417,12100,7.6,Russia
12/20/1966 3:30:00 PM,37.3021,-116.4083,12200,870,USA
10/02/1969 22:06:00,51.4171,179.1823,12200,1000,USA
02/12/1976 14:45:00,37.2714,-116.4884,12200,1000,USA
10/28/1975 2:30:00 PM,37.2901,-116.4115,12700,1000,USA
3/14/1976 12:30:00 PM,37.306,-116.4715,12700,1000,USA
12/10/1967 19:30:00,36.6778,-107.2083,12900,29,USA
6/26/1975 12:30:00 PM,37.2789,-116.3686,13100,1000,USA
5/20/1956 5:50:39 PM,11.6683,165.3942,13200,3800,USA
06/10/1965 07:00:00,52.9,56.5,13500,7.6,Russia
3/30/1965 8:00:00 AM,52.9,56.5,13800,4.6,Russia
6/25/1980 6:00:00 AM,52.9,56.5,13900,3.2,Russia
12/19/1968 4:30:00 PM,37.2315,-116.4736,14000,1150,USA
6/16/1980 6:00:00 AM,52.9,56.5,14000,3.2,Russia
01/03/1976 19:15:00,37.2966,-116.3332,14500,1000,USA
9/30/1977 6:59:58 AM,47.897,48.161,15000,10,Russia
10/10/1982 05:00:00,61.55,112.85,15000,15,Russia
07/07/1987 00:00:00,61.5,112.85,15000,15,Russia
5/25/1981 5:00:00 AM,68.2,53.5,15100,37.6,Russia
11/05/1976 04:00:00,61.458,112.86,15200,15,Russia
7/24/1987 2:00:00 AM,61.45,112.8,15200,15,Russia
9/30/1966 5:59:51 AM,38.968,64.517,15300,30,Russia
10/08/1978 00:00:00,61.55,112.85,15500,15,Russia
10/07/1979 21:00:00,61.85,113.1,15500,15,Russia
04/11/1972 06:00:02,37.35,62.05,17200,15,Russia
11/06/1971 22:00:00,51.4719,179.1069,17900,5000,USA
04/06/1953 15:29:38,37.0847,-116.018,18300,11,USA
4/19/1987 4:00:00 AM,60.6,57.2,20200,3.2,Russia
10/26/1973 6:00:00 AM,53.65,55.4,20300,10,Russia
5/17/1973 4:00:00 PM,39.793,-108.3666,20400,99,USA
4/19/1987 4:05:00 AM,60.8,57.5,20600,3.2,Russia
8/28/1984 3:00:00 AM,60.3,57.1,20700,3.2,Russia
8/28/1984 3:05:00 AM,60.7,57.5,20800,3.2,Russia
09/02/1981 04:00:00,60.6,55.7,20900,3.2,Russia
07/08/1974 06:00:00,53.7,55.1,21200,10,Russia
5/21/1968 3:59:12 AM,38.918,65.032,24400,47,Russia
07/09/1972 07:00:01,49.8,35.4,24800,3.8,Russia
12/10/1980 07:00:00,61.75,66.75,24900,15,Russia
09/10/1969 21:00:00,39.4058,-107.9481,25700,40,USA
6/18/1985 4:00:00 AM,60.6,72.7,28600,2.5,Russia
7/19/1957 2:00:05 PM,37.1606,-116.0531,91400,2,USA
04/06/1955 18:00:04,37.0286,-116.0578,111600,3,USA
4/28/1958 2:40:00 AM,12.6167,168.025,262100,1.7,USA
08/12/1958 10:30:09,16.3583,-169.5356,429800,3800,USA
08/01/1958 10:50:06,16.7439,-169.5333,768100,3800,USA